,Reviews,KeyWords,text
0,like ,['like'],I like
1,time start trip money idiot ,"['time', 'start', 'trip', 'money', 'idiot']",Some time not puting start trip and asking to much money idiot
2,no need ,"['no', 'need']",No vehicles when we need
3,sri thumbs medium dark skin tone ,"['sri', 'thumbs', 'medium', 'dark', 'skin', 'tone']",Go Sri Lankan ğŸ‘ğŸ¾
4,great ,['great'],Great
5,useful app need work intercity expect city ride understand destination cancel feature silently time come ,"['useful', 'app', 'need', 'work', 'intercity', 'city', 'expect', 'ride', 'understand', 'destination', 'cancel', 'feature', 'silently', 'time', 'come']","it's useful app, but they need to work on intercity rides. drivers expect a city ride and when they understand the destination, they cancel it. also prebook feature does not work, mine was silently cancelled, when time came."
6,raise hand relieved face ,"['raise', 'hand', 'relieved', 'face']",âœ‹ğŸ˜Œ
7,phone number field focus try register enter unusable ,"['phone', 'number', 'field', 'focus', 'try', 'register', 'enter', 'unusable']",Phone number field loses focus when trying to register. Can't enter phone number. Unusable.
8,road refuse come ,"['road', 'refuse', 'come']",Drivers on Negambo road sometimes refuse to come to surtounding areas such as Dolahena Road
9,need improvement ,"['need', 'improvement']",Need more improvement
10,terrorist supporter stop charge wait time poor ,"['terrorist', 'supporter', 'stop', 'charge', 'wait', 'time', 'poor']",terrorist supporter and spying on drivers Also has stopped charging for waiting time. Misusing poor drivers
11,not available area ,"['not', 'available', 'area']",Not available in my area.
12,useless service nauseate face ,"['useless', 'service', 'nauseate', 'face']","useless service , no vehicles in everywhere ğŸ¤¢"
13,get support not sure login ,"['get', 'support', 'not', 'sure', 'login']","I am from India, travelling to SL in Jan. i am not getting the OTP, Support not replying to email either. Not sure how to login."
14,cool thing ,"['cool', 'thing']",Cool thing
15,trip install driver hire ,"['trip', 'install', 'driver', 'hire']","à¶‘à¶š trip à¶‘à¶šà¶šà·’à¶±à·Š à¶´à·ƒà·Šà·ƒà·š à¶‡à¶´à·Š à¶‘à¶š uninstall à¶šà¶»à¶½à· à¶±à·à·€à¶­ install à¶šà¶»à¶½à· à¶­à¶¸à¶ºà·’ à¶´à·à·€à·’à¶ à·Šà¶ à·’ 
à¶šà¶»à¶±à·Šà¶± à·€à·™à¶±à·Šà¶±à·š à¶…à¶±à·’à¶­à·Š à¶‘à¶š driver à¶œà·š informations à¶¸à·œà¶±à·€à¶­à·Š à¶´à·™à¶±à·Šà·€à¶±à·Šà¶±à·™à¶­à·Š à¶±à·‘ me 
issues tika poddak hadanna.ehema nethiwunoth e hire ekata maruwenna wenawa"
16,option search app food delivery ,"['option', 'search', 'app', 'food', 'delivery']","There is no ""Go"" option to Make a SEARCH in this app for food delivery"
17,great ,['great'],Great
18,app go bad terrible trip similar distance different high charge silent far away place not come cancel poor customer care agent talk service sri money ,"['go', 'bad', 'terrible', 'similar', 'distance', 'different', 'high', 'charge', 'silent', 'far', 'away', 'place', 'come', 'poor', 'care', 'agent', 'talk', 'service', 'sri', 'money']",The pickme app has gone bad to worse and terrible. Same trip with similar distance the app shows different kms and hence higher charge. Drivers after accepeting a trip keep silent and when called upon they say they are in a far away place and cant come asking us to cancel. Very poor customer care with no agent to talk to. This service should be banned in Sri Lanka and give the cheated money back to customers.
19,great ,['great'],Great
20,pick lite internal small capacity memory install phone ram ,"['pick', 'lite', 'internal', 'small', 'capacity', 'memory', 'install', 'phone', 'ram']",Pick Me lite for internal small capacity memory smartphone I can't install Pick Me because my Phone one RAM only
21,corp reach support ,"['corp', 'reach', 'support']",Corp. Reach Support References Required
22,great ,['great'],Great
23,work show wrong location time place order hotel long distance choose near information come soon region usual use regularly add button cancel accept driver ,"['work', 'show', 'wrong', 'place', 'order', 'hotel', 'long', 'distance', 'choose', 'near', 'information', 'come', 'soon', 'region', 'usual', 'use', 'regularly', 'button', 'cancel', 'accept']","2019/11/03 - I updated. After that many functions are not working well. Errors are occuring often. Showing wrong location. some time, can't place the order(when I checkout, it is showing - ""hotel is in a long distance. choose near hotel."" but, it is wrong information. some time it is showing- ""we are coming soon to your region"". but, I am in usual place where I use pickme regularly. And , add a button to cancel the order if the order was not accepted by any driver for a long time."
24,great ,['great'],GREAT
25,terrible app customer service not take responsibility contact directly trip day nother high number driver pay balance no response company twice phone mail waste time privacy ,"['terrible', 'customer', 'service', 'no', 'take', 'responsibility', 'contact', 'directly', 'day', 'nother', 'high', 'number', 'pay', 'balance', 'response', 'company', 'twice', 'mail', 'waste', 'privacy']","Terrible app with worste customer service. Not taking responsibility on their bugs, asking drivers to contact the customers directly. Completed a trip and paid the amount next day after 8 hours, pickme emailing a nother reciept for a higher amount under same reciept number. Driver demands to pay the balance. No response from the company after several complaints (twice over the phone, via app and e-mail) Wasting cx time and risking privacy."
26,include destination option ,"['include', 'destination', 'option']",Could include up and down destination option
27,great ,['great'],great!
28,great ,['great'],Great
29,extremely poor customer support lodge complaint day ago twice today phone resolve matter keep say forward relevant department ,"['extremely', 'poor', 'customer', 'support', 'lodge', 'complaint', 'day', 'ago', 'twice', 'today', 'phone', 'resolve', 'matter', 'keep', 'say', 'forward', 'relevant', 'department']","Extremely poor customer support. Lodged a complaint days ago via email. Twice today via phone and still they haven't resolved the matter. Kept on saying that they will ""forward the details to the relevant department""."
30,go wrong give mobile number cord correct ,"['go', 'wrong', 'give', 'mobile', 'number', 'cord', 'correct']",some things went wrong by given mobile number. it number seems to UK cord number. Please can you correct it
31,great ,['great'],Great
32,face steam nose sad relieved anguish fearful sleep cry pouting grimace confused expressionless grin squinting beaming smile eye wink horn hush neutral sweat grinning open mouth ,"['steam', 'nose', 'sad', 'relieved', 'anguish', 'fearful', 'sleep', 'cry', 'pouting', 'grimace', 'confused', 'expressionless', 'grin', 'squinting', 'wink', 'horn', 'hush', 'neutral', 'sweat', 'grinning']",Qwerrtyuio ğŸ˜¤ğŸ˜¥ğŸ˜§ğŸ˜¨ğŸ˜´ğŸ˜¢ğŸ˜¡ğŸ˜¬ğŸ˜•ğŸ˜‘ğŸ˜‘ğŸ˜†ğŸ˜ğŸ˜‰ğŸ˜ˆğŸ˜¯ğŸ˜â˜ºğŸ˜ŠğŸ˜ŠğŸ˜€ğŸ˜‰ğŸ˜„ğŸ˜„ğŸ˜´ğŸ˜†ğŸ˜…ğŸ˜…ğŸ˜® .NHC
33,great ,['great'],Great
34,need car ,"['need', 'car']",Please I won't go horaisans coolej I need car
35,useful app long way ,"['useful', 'app', 'long', 'way']",Useful app... long way to go. Keep it up!!!
36,promotion lie get st nd normally use pick location initial value show fee approximately equal today pay add look extra phone day big don foolish send ,"['promotion', 'lie', 'st', 'nd', 'normally', 'use', 'initial', 'value', 'show', 'fee', 'approximately', 'equal', 'today', 'pay', 'look', 'extra', 'big', 'don', 'foolish', 'send']","Promotion is just lying after you really getting 1st or 2nd promotion. I normally use pick me to one location to the same location. The initial value shown to me as my fee is approximately equal.But today, the fee I have to pay shows up with the added pramotion fee.Just looking at my extra phone, it showed me the value I showed the other day. That's the biggest lie.1st day I got 50 as promotion. Don't be foolish about every promotions pick me sending us."
37,unreliable accept ride cancel later numerous passenger bet stick road speak right etiquette respect customer time ,"['unreliable', 'accept', 'ride', 'cancel', 'later', 'numerous', 'passenger', 'bet', 'stick', 'road', 'speak', 'right', 'etiquette', 'respect', 'customer', 'time']","Very Unreliable, drivers accept the ride only to cancel 10 minutes later. This has happened to me on numerous occasions and its really frustrating to the passenger. You'd have a safer bet sticking to road tuks. @PickMe please speak to your drivers about the right etiquette and respect towards your customer's time."
38,thumbs thumb hug face ,"['thumbs', 'thumb', 'hug', 'face']",ğŸ‘ğŸ‘ğŸ‘ğŸ¤—
39,ta passe provide assist goal minute day machan prestige payment collect ,"['ta', 'passe', 'provide', 'assist', 'goal', 'minute', 'day', 'machan', 'prestige', 'payment', 'collect']",66 ta passe provided the assist for the goal 3 3minutes from ONE of the day Machan Prestige payment eka collect be xs
40,great ,['great'],Great
41,great ,['great'],Great
42,need improvement ,"['need', 'improvement']",Needs improvement.
43,like ,['like'],I like you
44,great ,['great'],Great
45,great ,['great'],Great
46,great ,['great'],Great !!!
47,great ,['great'],Great mostly
48,like ,['like'],I like it
49,trip complain ,"['trip', 'complain']",à·„à·œà¶»à·” .... à¶´à·à¶º 1à¶š trip à¶‘à¶šà·Šà¶šà¶§ à¶´à·à¶§ 2 à¶šà¶š wating à¶‘à¶šà¶­à·” à¶šà¶»à·Šà¶½à· .complain à¶šà¶»à¶­à·Š à¶…à¶¯ à·€à·™à¶±à·Šà¶šà¶±à·Š à¶‹à¶­à·Šà¶­à¶»à¶šà·Š à¶±à·. à¶´à·à¶º 48à¶šà·’à¶±à·Š à¶‹à¶­à·Šà¶­à¶» à¶¯à·™à¶±à·€à· à¶šà·“à·€à¶§ à¶¸à·™à¶ºà·à¶½à¶§ à·ƒà¶­à·’ à¶¯à·™à¶šà¶šà·Š à¶ºà¶±à¶šà¶±à·Š à¶­à·à¶¸à¶­à·Š à¶´à·à¶º 48à¶šà·Š à¶œà·’à·„à·’à¶½à·Šà¶½à· à¶±à·. à¶¸à·™à·„à·™à¶¸ à¶šà·“ à¶¯à·™à¶±à·™à¶šà·Šà¶§ à·€à·™à¶±à·€à· à¶‡à¶­à·’à¶¯? à·ƒà¶¸à·„à¶»à·” à¶±à¶¸à·Š à¶¯à¶±à·Šà¶±à·™à¶­à·Š à¶±à· à¶‹à¶±à·à¶§. à·„à·œà¶»à·”...à¶¸à·à·ƒ 5 à¶šà·Š à¶­à·à¶¸à¶­à·Š à¶¸à·”à¶±à·Šà¶§ à¶´à·à¶§ 48à¶šà·Š à¶œà·’à·„à·’à¶½à· à¶±à·
50,great ,['great'],Great
51,add dark theme smile face heart ,"['add', 'dark', 'theme', 'smile', 'face', 'heart']",Please add dark theme ğŸ˜
52,add round trip option app ,"['add', 'round', 'trip', 'option', 'app']",Please add Round trip option to the app
53,like ,['like'],I like you.
54,great ,['great'],Great
55,great ,['great'],great
56,add phone number trip improve ,"['add', 'phone', 'number', 'trip', 'improve']",Add the drivers phone number in trip details and improve the gps
57,price travel small distance provide variety need app ,"['price', 'travel', 'small', 'distance', 'provide', 'variety', 'need', 'app']",Price changes while you are traveling. Once it changes from Rs. 70 to 250 while traveling a small distance. But providing variety of vehicles for your needs. So its okay app
58,thumbs thumb heart ,"['thumbs', 'thumb', 'heart']",ğŸ‘ğŸ‘ğŸ‘ğŸ‘ğŸ’•ğŸ’•ğŸ’•ğŸ’•
59,not moment busy ,"['not', 'moment', 'busy']",Please call Not at the moment. I am busy at the moment.
60,great ,['great'],Great
61,confirm map trip accord ,"['confirm', 'map', 'trip', 'accord']","Before confirming acc. Map =180 < after trip according to map=210, what should i do?"
62,useful like ,"['useful', 'like']",It's very useful for me I like it very much
63,great app grin face ,"['great', 'app', 'grin', 'face']",Great appğŸ˜€
64,life easy smile face heart ,"['life', 'easy', 'smile', 'face', 'heart']",Made my life easier ğŸ˜ğŸ˜
65,great ,['great'],Great
66,like ,['like'],I like it
67,need no point get face steam nose near home ,"['need', 'no', 'point', 'get', 'face', 'steam', 'nose', 'near', 'home']",There are no vehicles when i need... No point of getting discounts from you ğŸ˜¤ and also there are no vehicles near my home always
68,like ,['like'],I like picMe
69,hire ,['hire'],"Hire Incentives à¶šà·œà·…à¶¹ à¶¯à·’à·ƒà·Šà¶­à·Šâ€à¶»à·’à¶šà·Šà¶šà¶ºà¶§ à¶´à¶¸à¶«à¶šà·Š à·ƒà·“à¶¸à· à¶±à·œà¶šà¶», à¶…à¶±à·™à¶šà·Š à¶´à·Šâ€à¶»à¶¯à·šà· à·€à¶½à¶§à¶­à·Š à¶½à¶¶à· à¶¯à·™à¶±à·Šà¶±."
70,great inception ,"['great', 'inception']",Great Servise from inception
71,try set account mobile not face symbol mouth ,"['try', 'set', 'account', 'mobile', 'not', 'face', 'symbol', 'mouth']",Tried to set up account with my UK mobile. Wasnt accepting it ğŸ¤¬
72,emergence new taxi number go impossible vehicle ,"['emergence', 'new', 'taxi', 'number', 'go', 'impossible', 'vehicle']","With the emergence of new taxi apps, the number of vehicles have gone down. So, its almost impossible to get a vehicle when needed"
73,add chat option like grab ,"['add', 'chat', 'option', 'like', 'grab']",Please add the chat option just like in Grab.
74,bag leave taxi driver say return today phone give number person wrong respond help need work outfit not ,"['bag', 'leave', 'taxi', 'driver', 'say', 'return', 'today', 'phone', 'give', 'number', 'person', 'wrong', 'respond', 'help', 'need', 'work', 'outfit', 'not']",Bag was left in the taxi even though i called the driver he said he could return it tommarow today he is declining my calls and not answering the phone and i called the hotline and they gave me another number of a person who was just said the wrong number so if yall can respond and help because i need that bag it has my work outfit and with out it i cant work today
75,opinion promote sri potential ,"['opinion', 'promote', 'sri', 'potential']","Exellent. In my opinion, we should promote sri lankan brands. Pickme has potential for now."
76,awesome hugging face hug blow kiss ,"['awesome', 'hugging', 'hug', 'face', 'blow', 'kiss']",AwesomeğŸ¤—ğŸ¤—ğŸ˜˜
77,finally prove no local taxi app sri think advertising sky high link meter fame real competitor rating couple lose winner surrender ,"['finally', 'prove', 'no', 'local', 'taxi', 'sri', 'think', 'advertising', 'sky', 'high', 'link', 'meter', 'fame', 'real', 'competitor', 'rating', 'couple', 'lose', 'winner', 'surrender']","Finally pickme proved that it is the No. 1 Local Taxi hailing app in Sri Lanka. I thought when Yogo released along with months of advertising, sky high hoardings and LINK Meter Taxi fame, it will be a real competitor for pickme but pickme won. And again after SLT released Muve I thought the same. But when I see the 3.x rating SLT Muve has in PlayStore it is proved within a couple of months they lost their fame ""danna kiyana kena"". The real winner is pickme. I surrender. Hats off..."
78,app send offer valid certain allow apply available furthermore book cab airport driver come leave reason second half way journey say ,"['send', 'offer', 'valid', 'certain', 'allow', 'apply', 'available', 'furthermore', 'book', 'cab', 'airport', 'driver', 'come', 'leave', 'reason', 'second', 'half', 'way', 'journey', 'say']",The app is having many bugs. They send us offer rides with their pickmepromo codes. But these codes are valid only on certain rides. So they should not allow for it to be applied on the rides its not available for. Furthermore i booked a cab for the airport . The driver came i left with the drvier. And for some reason it booked a second cab and half way through my journey this cab calls me aaking why i booked. I said take it up woth pickme as i am alrrady in the cab.
79,weel hire ,"['weel', 'hire']",3weel hire
80,want add app phone ,"['want', 'add', 'app', 'phone']",I want to add this app to my phone please
81,great ,['great'],great
82,st taxi app option add stop edit help need ,"['st', 'taxi', 'app', 'option', 'add', 'stop', 'edit', 'help', 'need']",1st taxi app in srilanka if u give us a option to add stop and edit directions will be most help full and we need that option
83,great ,['great'],great
84,trip charge driver time till go credit phone try customer say issue need contact hot line finally wait hour support mid night show previous totally dissatisfied thir consumer road ,"['charge', 'till', 'go', 'credit', 'try', 'say', 'issue', 'contact', 'hot', 'line', 'finally', 'hour', 'mid', 'night', 'previous', 'totally', 'dissatisfied', 'thir', 'consumer', 'road']",once i completed a trip the charge was 0 lkr.. driver had to call the hotline several times till he is going out of credit in his phone while keep trying. i contacted customer hotline and they keep saying that is a driver issue & needs to contact that hot line. finally had to wait arround one hour to get a support at mid night & went after agreeng with driver topay the amount by showing previous hires. it is totally dissatisfied how thir consumer hotline keep us waiting on the road at 12 night.
85,great job ,"['great', 'job']",Great job
86,awesome thumb ok hand clap ,"['awesome', 'thumb', 'ok', 'hand', 'clap']",awesome rides ğŸ‘ğŸ‘ŒğŸ‘
87,great ,['great'],great
88,apple try select location add ,"['apple', 'try', 'select', 'location', 'add']",the Apple keeps crashing when I try to select a location which I have added to favourites
89,find rainy day switch phone zany face angry ,"['find', 'rainy', 'day', 'switch', 'phone', 'zany', 'face', 'angry']","Very difficuilt to find vechicles on Rainy Days , drivers switch OFF the phone ğŸ¤ª ğŸ˜ "
90,need separate app food long load select tab grimace face ,"['need', 'separate', 'app', 'food', 'long', 'load', 'select', 'tab', 'grimace', 'face']",Need a separate app for FOOD. using the same app sucks since it takes too long to load and crashes often when we select the food tab ğŸ˜¬
91,customer handling ,"['customer', 'handling']",Customer compaint handling is 0
92,not send app option block reply violation privacy ,"['not', 'send', 'app', 'option', 'block', 'reply', 'violation', 'privacy']",plz dont send msg to us about your promotions . we are not using this app. there is no any option to block or reply to that msg. it is a violation of our privacy .
93,verification text take long set account ,"['verification', 'text', 'take', 'long', 'set', 'account']",did not get verification text. Took too long to set up account.
94,find trip app submit complaint messenger finally extra ,"['find', 'trip', 'app', 'submit', 'complaint', 'messenger', 'finally', 'extra']","I didn't find my trip in the app so I couldn't submit a complaint. I had to submit a complaint after many trials by email and messenger. Finally I was refunded the extra amount I have paid, but still I see that I am overcharged!!"
95,faster sri ,"['faster', 'sri']","faster, safer, Sri lankan"
96,great ,['great'],great
97,zee add water ,"['zee', 'add', 'water']","r see we a zeeÂ£3#Â¥eisiiq Zuhu,def*I add Wessex Water my, a l 3 ,wW ZZ Dr df"
98,wait calculate stuck yo taxi journey distance ,"['wait', 'calculate', 'stuck', 'yo', 'taxi', 'journey', 'distance']","waiting calculated when we stuck on trafic,but yo go taxi only charged for our journey distance."
99,van hire number driver ,"['van', 'hire', 'number', 'driver']",I have a dolphine van for hire vehical number is 251 _2591 with driver
100,terrible experience pick food accept unavailable wait unable cancel order improve customer service response reach place till trip stupid design respond message disappointing ,"['terrible', 'experience', 'pick', 'food', 'accept', 'unavailable', 'unable', 'cancel', 'order', 'improve', 'service', 'response', 'reach', 'place', 'till', 'stupid', 'design', 'respond', 'message', 'disappointing']",terrible experience with pick me food. please do not accept the orders if drivers are unavailable. have been waiting for 2 hours and is unable to cancel the order since it is placed. please improve your customer service hotline as it only gives an automated response and we are unable to reach anyone. we are also unable to place complaints till the trip is done which is a stupid design. please respond to this message very disappointing
101,area ,['area'],not delivering to minuwangoda area
102,useful app transport ,"['useful', 'app', 'transport']",Useful app for transport i used.
103,not happy hate ,"['not', 'happy', 'hate']",I'm NOT HAPPY about PICKME BECAUSE IT'S MUSLIM!!!!! I HATE IT!!!
104,not use smirk face ,"['not', 'use', 'smirk', 'face']",Not gonna use this anymore who are behind the terrorists ğŸ˜
105,fold hand promotion thumb hug face ,"['fold', 'hand', 'promotion', 'thumb', 'hug', 'face']",à¶¸à·™à¶­à·”à·€à¶šà·Š à¶½à¶¶à·à¶¯à·”à¶±à·Š à·ƒà·šà·€à·à·€à¶±à·Šà¶§ à·ƒà·Šà¶­à·”à¶­à·’à¶ºà·’ ğŸ™ à¶…à¶» Promotion à¶¸à·š Promotion à¶šà·’à¶ºà¶½à· à¶‘à·€à¶± à¶¸à·à·ƒà·šà¶¢à·Š à¶§à·’à¶š à¶±à·€à¶­à·Šà¶­à¶œà¶±à·Šà¶±à·š à¶šà·œà·„à·œà¶¸à¶¯ à¶šà·’à¶ºà¶±à·Šà¶± à¶´à¶½à·”à·€à¶±à·Š à¶±à¶¸à·Š. ğŸ‘ğŸ¤—
106,red heart kiss mark smile face sunglass ,"['red', 'heart', 'kiss', 'mark', 'smile', 'face', 'sunglass']",â¤â¤â¤â¤â¤ğŸ’‹ğŸ’‹ğŸ’‹ğŸ˜ğŸ˜ğŸ˜ğŸ˜
107,great ,['great'],Great
108,great ,['great'],Great
109,support ,['support'],We don't support muslims anymore.
110,compulsory driver include profile picture easy verification vehicle plate different way phone number ,"['compulsory', 'driver', 'include', 'profile', 'picture', 'easy', 'verification', 'vehicle', 'plate', 'different', 'way', 'phone', 'number']",Please make it compulsory for driver partners to include a profile picture for easier verification purposes as sometimes the vehicle plate numbers are also different and the only way of verifying is with the phone number.
111,prefer come short distance confused face ,"['prefer', 'come', 'short', 'distance', 'confused', 'face']",drivers not prefer to come for short distances...They come up with various reasons to not to come for the short distance hiresğŸ˜•
112,support religious ,"['support', 'religious']",support for religious extremists
113,terrorist not buy ,"['terrorist', 'not', 'buy']",they are terrorist ... dont buy their services..
114,app high unprofessional unethical long route destination increase price rider ,"['app', 'high', 'unprofessional', 'unethical', 'long', 'route', 'destination', 'increase', 'price', 'rider']",The app is ok. Charges are high. Drivers are unprofessional and unethical. Pickme drivers will take a longer route to the destination so they they can increase the price charged to the rider.
115,ma trip eke charge mage ora ,"['ma', 'trip', 'eke', 'charge', 'mage', 'ora']",Ma Ena Gaana Oru Inne Trip Eke Charge Eka 260.00 Mage Gfva Bussala Eyata Salli Dhunnama Ora Thakkadiya 100k Wediyen Illagana
116,add real map time work tired face ,"['add', 'real', 'map', 'time', 'work', 'tired', 'face']",Please add the real map.. some times not working to this...ğŸ˜«ğŸ˜«ğŸ˜«ğŸ˜«ğŸ˜«
117,bad customer support ,"['bad', 'customer', 'support']",Bad customer support services
118,not feedback form trip ,"['not', 'feedback', 'form', 'trip']",i didnt recieve feedback form of last trip
119,long route purposely advantage traffic increase wait ,"['long', 'route', 'purposely', 'advantage', 'traffic', 'increase', 'wait']",pickme riders take a long route purposely and most riders take the advantage of traffic so tht they can increase the waiting charges
120,great useful app red heart ,"['great', 'useful', 'app', 'red', 'heart']",great and useful app â¤ï¸
121,great ,['great'],great
122,great app not work location wrong time vehicle wait cab short hire ,"['great', 'app', 'not', 'work', 'location', 'wrong', 'time', 'vehicle', 'wait', 'cab', 'short', 'hire']",It used to be a great app. But since few weeks it doesnt work well. GPS location is wrong most of the time and the vehicle is not the closest one. Sometimes we have to wait more than 15 minutes until the cab arrives for a short hire of 5 minutes.
123,great ,['great'],great
124,like ,['like'],i like
125,need ,['need'],I need Threewheel
126,charge book driver way sudden trip money credit card not taxi company bother lose time use need add screen shot ,"['charge', 'book', 'driver', 'way', 'sudden', 'trip', 'money', 'credit', 'card', 'not', 'taxi', 'company', 'bother', 'lose', 'time', 'use', 'need', 'add', 'screen', 'shot']",charge for trips you ve nvr been.once i booked a pickme.driver was on the way and all of a sudden he cancelled the trip and money was charged from my credit card .i didnt even see the taxi.i complained this to the pickme company but didnt seemed to bother.lost money and my time both on the.never gonna use this again.please be carefull when using credit card.they charge u for nothing.i need to add an screen shot too but here i cant.
127,great ,['great'],great
128,great ,['great'],great
129,great ,['great'],great
130,great ,['great'],great
131,great ,['great'],great
132,edit review ,"['edit', 'review']",Edit your review
133,great ,['great'],Great
134,sri road allan avenue ,"['sri', 'road', 'allan', 'avenue']",M.M.Fazly 9/2 sri medankara road off allan avenue dehiwella
135,disrespectful reach destination inform passenger willing route want tend threaten feedback general need train nice polite ,"['disrespectful', 'reach', 'destination', 'inform', 'passenger', 'willing', 'route', 'want', 'tend', 'threaten', 'feedback', 'general', 'need', 'train', 'nice', 'polite']",very disrespectful drivers. They don't even call when they reach the destination to inform the passenger. They are not willing to take the route we want them to take. They tend to threaten the clients. This feedback is in general as 99% of yours drivers need to be trained to be nice and polite to their passengers.
136,add option send taxi ,"['add', 'option', 'send', 'taxi']",Add a option that you can send a taxi to someone.
137,add location map save app open ,"['add', 'location', 'map', 'save', 'app', 'open']",I cannot add my location via the map or saved locations.app doesn't open afterwards.
138,option book multiple ,"['option', 'book', 'multiple']",Could we have a option to book multiple vehicles at once
139,great ,['great'],Great
140,safe mode transport ,"['safe', 'mode', 'transport']",safe mode of transport
141,great ,['great'],great
142,like ,['like'],very much like it
143,great ,['great'],great
144,app useful daily transport safe efficient ,"['app', 'useful', 'daily', 'transport', 'safe', 'efficient']",This app is useful for daily transport. Safe and efficient
145,great ,['great'],great
146,time pick low conventional day work ride facility important lady safety ,"['time', 'pick', 'low', 'conventional', 'day', 'work', 'ride', 'facility', 'important', 'lady', 'safety']",drivers are on time. pick me charges are lower than the other conventional three wheelers. pick me made our day to day work. riding details sharing facility is very important as ladies to keep our safety
147,great ,['great'],Great
148,great ,['great'],great
149,great ,['great'],great
150,great ,['great'],great
151,need add multiple ,"['need', 'add', 'multiple']",need to add multiple destinations
152,need improvement ,"['need', 'improvement']",Needs improvement
153,stop petrol way wait add app stick constantly ,"['stop', 'petrol', 'way', 'wait', 'add', 'app', 'stick', 'constantly']",Your drivers stop for petrol on the way and waiting charges get added. Your app gets stuck on your drivers phones constantly!
154,like ,['like'],like
155,passenger know correct route long way destination pathetic ,"['passenger', 'know', 'correct', 'route', 'long', 'way', 'destination', 'pathetic']","when drivers are recognise the passenger doesn't know the correct route,they always takes longer way to the destination. pathetic."
156,time phone twice minute big sound need not ,"['time', 'phone', 'twice', 'minute', 'big', 'sound', 'need', 'not']",most time vasting massages comming to my phone twice per minute with big sound. i don't need pickme. but i cant blok this ap. :(
157,think hire wheeler price low beaming face smile eye ,"['think', 'hire', 'wheeler', 'price', 'low', 'beaming', 'face', 'smile', 'eye']",Never thought i could have hired a 3wheeler for a price this low ğŸ˜
158,great usability better ,"['great', 'usability', 'better']",Great usability. Better than Uber!
159,need development ,"['need', 'development']","slags, need development"
160,cab aggregator driver cheat tourist book fort station lion city close trip twice course time say highway route pay toll extra raise complaint provide solution bunch run company ,"['cab', 'aggregator', 'cheat', 'tourist', 'fort', 'station', 'lion', 'city', 'close', 'twice', 'course', 'highway', 'pay', 'toll', 'extra', 'raise', 'complaint', 'solution', 'bunch', 'run']","This Cab aggregator and driver cheat tourist! I booked a cab from Fort Station to Lion city and driver closed the trip twice during the course of trip and made me book again. For last time, he said he will take me in highway and deviated thr route and made me to pay the toll even when he said there are no extra charges. When i raised a complaint my complaint was closed without providing any solution. bunch of cheats running this company."
161,book pm driver keep call come explain vehicle sure send appropriate time customer face ,"['book', 'pm', 'driver', 'keep', 'call', 'come', 'explain', 'vehicle', 'sure', 'send', 'appropriate', 'time', 'customer', 'face']",I pre-booked a mini at 2.20pm but it had arrived by 2.05pm... The driver kept calling and asking me if I was coming but I had to explain that I had booked the vehicle at 2.20 pm.. Please make sure to send the driver at an appropriate time so that the customer doesn't have to face inconveniences.
162,bad disappointed face ,"['bad', 'disappointed', 'face']",very bad ğŸ˜
163,great ,['great'],great
164,thumbs thumb wink face ,"['thumbs', 'thumb', 'wink', 'face']","à¶‰à¶­à· à·„à·œà¶³ à¶‡à¶´à·Š à¶‘à¶šà¶šà·Š ğŸ‘ à·ƒà·’à¶ºà¶½à·” à¶¯à·™à¶±à·à¶¸ à¶¸à·™à¶º à¶”à¶¶à¶œà·š à¶¯à·”à¶»à¶šà¶®à¶±à¶ºà¶§ à¶‡à¶­à·”à·…à¶­à·Š à¶šà¶»à¶œà·™à¶± à·„à·œà¶³ à·ƒà·šà·€à·à·€à¶šà·Š à¶½à¶¶à· à¶œà¶±à·Šà¶± ,à¶¸à¶¸ à¶±à·à¶½à¶š ğŸ‘ğŸ˜‰ğŸ‘ğŸ˜‰ğŸ‘"
165,useless follow map cancel trip min wasting time ,"['useless', 'follow', 'map', 'cancel', 'trip', 'min', 'wasting', 'time']",some drivers are useless. some of them can't follow the map. some drivers cancel the trip after few min. wasting our time
166,book taxis try trip ,"['book', 'taxis', 'try', 'trip']",why can't I book taxis..? and whenever I try to book one it says that trip started... what's this?
167,need access contact phone ,"['need', 'access', 'contact', 'phone']",why you need to access to contact and phone...
168,great useful unreliable server peak app buggy time job ,"['great', 'useful', 'unreliable', 'server', 'peak', 'app', 'buggy', 'time', 'job']",Great and Useful.. but unreliable. Server is down sometimes during peak hours and app is buggy at times. Does a great job otherwise. Well done!
169,wait time high approximate price difference evening traffic get meter road ,"['wait', 'time', 'high', 'approximate', 'price', 'difference', 'evening', 'traffic', 'get', 'meter', 'road']","waiting time is very high, there approximate price has much difference. on few evening there no any traffic so not waiting time but got much higher price than the meter tuk tuk that you can get from the road. not recommended"
170,great ,['great'],great
171,try time vehicle hospital hire toi bad smile face horn ,"['try', 'time', 'vehicle', 'hospital', 'hire', 'toi', 'bad', 'smile', 'face', 'horn']",I tried many times to biok a vehicle from dr.nevill fernando hospital and vehicles always rejects the hire. Have enough vehicles online but no-one takes it. Toi bad.ğŸ˜ˆğŸ˜ˆğŸ˜ˆğŸ˜ˆ
172,app unavailable hate thumb ,"['app', 'unavailable', 'hate', 'thumb']",This is a bullahit app. All drivers are always unavailable. Hate itğŸ‘ğŸ‘ğŸ‘ğŸ‘
173,pretty poorly ,"['pretty', 'poorly']",So many issues. Pretty poorly made
174,install ,['install'],It's can't install
175,safe trip ,"['safe', 'trip']",This is a safe trip for yourself
176,great ,['great'],Its great
177,km disappointed face ,"['km', 'disappointed', 'face']",à¶¸à¶¸ à·„à·à¶¸à¶¯à·à¶¸ à·€à¶œà·š à¶ºà¶±à·Šà¶±à·™ pickme à¶‘à¶šà·š. à¶…à¶¯à¶­à·Š à¶¸à¶¸ à·€à·™à¶±à¶¯ à¶±à¶œà·’à¶± à¶­à·à¶±à·’à¶±à·Šà¶¸à¶ºà·’ à¶±à·à¶œà·Šà¶œà·™. à·€à·™à¶±à¶¯à¶§ à¶¸à¶œà·š à¶œà¶¸à¶±à·Š à¶œà·à·ƒà·Šà¶­à·”à·€ à·€à·™à¶±à·Šà¶±à·™ à¶»à·”à¶´à·’à¶ºà¶½à·Š 130- 150 à¶…à¶­à¶» à¶œà·à¶±à¶šà·Š. à¶¸à¶¸ à¶½à·œà¶šà·šà·‚à¶±à·Š à¶¯à·à¶½à· à¶¶à¶½à¶±à¶šà·œà¶§ à¶‘à¶±à·Šà¶±à·™à¶­à·Š à¶’ à·€à¶œà·š à¶œà·à¶±à¶šà·Š. à¶¯à·”à¶» 3.50 km. à¶‘à¶­à·Š à¶…à¶¯ 5.50km à·€à·à¶§à·’à¶½à·. à¶¸à¶œà·š à¶œà·à·ƒà·Šà¶­à·”à·€ à¶»à·”à¶´à·’à¶ºà¶½à·Š 230 à¶‹à¶±à·. à¶‘à·„à·™à¶¸ à·€à·™à¶±à·Šà¶±à·™ à¶šà·œà·„à·œà¶¸à¶¯ . à¶¸à¶§ à¶šà·€à¶¯à·à·€à¶­à·Š à·€à·”à¶±à·š à¶±à·à¶­à·’ à·€à·à¶©à¶šà·Š. à¶‡à¶­à·Šà¶­à¶¸à¶ºà·’ pickme à¶‘à¶´à· à·€à·”à¶±à·.ğŸ˜ğŸ˜ğŸ˜ğŸ˜ğŸ˜ğŸ˜ğŸ˜
178,customer call center case emergency ,"['customer', 'call', 'center', 'case', 'emergency']",You all don't have a customer calling center in case of an emergency
179,dear cancel ride passenger min reach charge penalty get day pouting face ,"['dear', 'cancel', 'ride', 'passenger', 'min', 'reach', 'charge', 'penalty', 'get', 'day', 'pouting', 'face']","Dear pickMe, please make that drivers cannot cancel the ride if the passenger is in 5mins reach or less, same as you charge a penalty from us! Got 3 cancellations in one day, ğŸ˜¡"
180,long reach destination charge not change safe mode travel ,"['long', 'reach', 'destination', 'charge', 'not', 'change', 'safe', 'mode', 'travel']","The drivers take long roads to reach the destination and they charge more, claiming they dont change to give .and before it was a safe mode to travel but not anymore"
181,hope provide ,"['hope', 'provide']",Hope it will provide bdtter servicr
182,good stop improve need driver selection show like ,"['good', 'stop', 'improve', 'need', 'driver', 'selection', 'show', 'like']",Good . Never stop improving. Need a driver selection . Always showing one driver who we don't like.
183,useful number critical app connection high reliable ,"['useful', 'number', 'critical', 'app', 'connection', 'high', 'reliable']","It's useful but number of critical bugs, crashes of app and connection errors is so high that it's not really reliable."
184,tired wait accept delay navigation unnecessarily long route switch app ,"['tired', 'wait', 'accept', 'delay', 'navigation', 'unnecessarily', 'long', 'route', 'switch', 'app']",Tired of waiting on drivers.. Either they accept and delay or your navigation takes them on a unnecessarily longer route.. Will be switching to another app
185,decent job relieve face thumb ,"['decent', 'job', 'relieve', 'face', 'thumb']",Doing a decent job! ğŸ˜ŒğŸ‘
186,app upgrade wait request driver finish trip previously cancel min mistake add option ,"['app', 'upgrade', 'wait', 'request', 'driver', 'finish', 'trip', 'previously', 'cancel', 'min', 'mistake', 'add', 'option']","What happened to the app, why don't you you guys upgrade the severs. Sometimes I have to wait 15+ minutes to make a request or driver to finish the trip. Previously one of the driver asked me to cancel the trip, but before I do that he started the trip, so I had to wait 45mins until he realized his mistake, so please please add a failsafe option for that"
187,long time recently fair accurate ,"['long', 'time', 'recently', 'fair', 'accurate']",I have been using pickme for a long time but since recently the fair rates are not being accurate.
188,no sri ,"['no', 'sri']",No 1 in sri lanka
189,great ,['great'],Great
190,like fine ,"['like', 'fine']",I like it.. It is very fine
191,great ,['great'],It's great
192,useful face blow kiss ,"['useful', 'face', 'blow', 'kiss']",Useful ğŸ˜˜
193,booking system book van like day prior journey vehicle pick end get late important family customer support terrible wheel friendly transport app good enjoy ,"['booking', 'system', 'van', 'day', 'prior', 'journey', 'vehicle', 'pick', 'end', 'get', 'late', 'important', 'family', 'support', 'terrible', 'wheel', 'friendly', 'transport', 'good', 'enjoy']",The pre-booking system is so messed up.we booked a van like a day prior to our journey and no vehicle arrived to pick us up. We ended up getting late to a very important family occasionn. Customer support is just terrible. Three-wheeled drivers are just not that friendly As a transport app it is good but it is not one you will be enjoying at all.
194,account block support number customer assistance ,"['account', 'block', 'support', 'number', 'customer', 'assistance']",My account has been blocked. Support number does not give customer assistance
195,great ,['great'],Great
196,wait high want win happy company main competitor offer low ,"['wait', 'high', 'want', 'win', 'happy', 'company', 'main', 'competitor', 'offer', 'low']","Waiting charges are high. Prices are higher than the other competitors. If 
you want to win customers give them offers. Some drivers also not happy abt 
your company. Now your main competitor is Uber. They are offering low rates 
than you."
197,add wallet payment method ,"['add', 'wallet', 'payment', 'method']",Can't add frimi wallet to the payment method
198,like err trip route destination high pay ,"['like', 'err', 'trip', 'route', 'destination', 'high', 'pay']","I dnt like it err trip amount shows first so less but when we reached as 
maps route to the destination it's shows higher amount to pay ufff"
199,wish feature favorite list type location everyday ,"['wish', 'feature', 'favorite', 'list', 'type', 'location', 'everyday']","I wish you guys have feature to make a favorite list out of locations cuz i 
have to type out the same location again and again everyday"
200,useless provide invalid high order refuse come ,"['useless', 'provide', 'invalid', 'high', 'order', 'refuse', 'come']","Useless. They provide invalid promocodes. Rates are much higher than 
others. If order drivers might refuse to come."
201,home map trip give unamused face ,"['home', 'map', 'trip', 'give', 'unamused', 'face']","The home loacation is runing all over the map and thecost for trip is not 
givingğŸ˜’ !!!"
202,need improve rate different hight ,"['need', 'improve', 'rate', 'different', 'hight']",Need to improve... because thay rate is very different hight rate.....
203,competitive price local save customer single rupee go unknown quantity sadly new benefit ,"['competitive', 'price', 'local', 'save', 'customer', 'single', 'rupee', 'go', 'unknown', 'quantity', 'sadly', 'new', 'benefit']","I was expecting a more competitive price against those quoted by local 
drivers for tourists ...however the prices quoted are the same or within 
100 rupees...it's not saving the customer a single rupee by going with an 
unknown quantity .Sadly it's not delivering anything new and is therefore 
of no benefit for tourists"
204,need difficult little ,"['need', 'difficult', 'little']",It needs internet so it is difficult little
205,ask destination short trip specially ,"['ask', 'destination', 'short', 'trip', 'specially']","Drivers always call and ask the destination, if it is a short trip they 
cancelled the trip. Specially tuk drivers.."
206,twice today information trip cost show error face lot ,"['twice', 'today', 'information', 'trip', 'cost', 'show', 'error', 'face', 'lot']","I've used pickme twice today. there is no information about my trip. even 
my trip cost is not shown. because of this error i have faced lot of 
difficulties...."
207,set location correctly wrong address ,"['set', 'location', 'correctly', 'wrong', 'address']",I can't set my location correctly it shows a wrong address
208,generation travel smile face ,"['generation', 'travel', 'smile', 'face']",Next generation traveling â˜º
209,like list ,"['like', 'list']",Like a list of vehicles
210,useless guide destination map location set place driver get message time accurate wheel shout ask late wait ,"['useless', 'guide', 'destination', 'map', 'location', 'set', 'place', 'driver', 'get', 'message', 'time', 'accurate', 'wheel', 'shout', 'ask', 'late', 'wait']","Your drivers are useless.we have to guide them to how to go the 
destination.also map location problems.when we set up the location it's 
changing the place when driver got the message.drivers not on time and 
accurate place. Some three wheel drivers shouting us when we ask why late 
or waiting at location."
211,great ,['great'],Great
212,recently book wheel sudden app pay driver high price average time unsatisfied quality service trip end phone,"['recently', 'book', 'wheel', 'sudden', 'app', 'pay', 'driver', 'high', 'price', 'average', 'time', 'unsatisfied', 'quality', 'service', 'trip', 'end', 'phone']","30/05/18 Recently I'd booked a three wheel and all of a sudden the app
crashed in the drivers app..Then we had to pay the driver higher price than
average.. This had happened another times too.. unsatisfied with quality of
service .. even now the trip hasn't ended in my phone.."
213,like ,['like'],Like it
214,great ,['great'],great
215,map wrong right location ,"['map', 'wrong', 'right', 'location']","The map sometimes takes u to wrong places ecen if u put the right 
location.. Some drivers do not roads.. They are asking from is"
216,add passenger rating system learn wrong idea ,"['add', 'passenger', 'rating', 'system', 'learn', 'wrong', 'idea']","You can also add a passenger rating system too so the passengers' will 
learn what did they do wrong...! How's the idea?"
217,app open loading neutral face ,"['app', 'open', 'loading', 'neutral', 'face']",This app can't open. Loading .... ğŸ˜
218,great ,['great'],Great
219,red effect sri ,"['red', 'effect', 'sri']",Red effect sri lanka.
220,great ,['great'],This should is great
221,sri transportation ,"['sri', 'transportation']",This is the greatest this happened in Sri Lankan transportation!
222,app functional non time capable loading map point current location not issue phone base work taxi high datum consumption higher accidentally test ,"['functional', 'non', 'capable', 'loading', 'map', 'point', 'current', 'location', 'not', 'issue', 'phone', 'base', 'work', 'taxi', 'high', 'datum', 'consumption', 'higher', 'accidentally', 'test']",App has both functional and non functional issues. Most of the time pickme is not capable of loading the map pointed to current location(cant be an issue with phone since i have three other map based apps and they all work). This is the taxi app with highest data consumption (much higher than uber or kangroo). I noticed it accidentally and tested it few times and results were same.
223,time vehicle available face steam nose ,"['time', 'vehicle', 'available', 'face', 'steam', 'nose']",At all time no vehicle available ğŸ˜¤ğŸ˜¤ğŸ˜¤
224,terrible ride remote area airport book later feature schedule pickup advance promptly receive confirm list app come car sight booking magically cancellation notice spite confirmation send no customer support phone number address time day flight luckily find local taxi company open agree disastrously poor service need reliable transportation suggest look ,"['remote', 'airport', 'schedule', 'advance', 'promptly', 'receive', 'list', 'sight', 'magically', 'cancellation', 'notice', 'spite', 'flight', 'luckily', 'local', 'agree', 'disastrously', 'reliable', 'transportation', 'suggest']","Terrible. I needed a ride from a remote area to the airport at 2am, so I used PickMe's ""Book Later"" feature to schedule a pickup (10 hours in advance). I promptly received an SMS confirming my booking, and the details were also listed in the app under ""My Trips.""  2am came around and there was no car in sight. My booking magically disappeared from the app, with no cancellation notice, in spite of the confirmation they sent me earlier.  No one answered their customer support phone number or email address at the time and still now, a full day later.  I could've missed my flight but luckily I found a local taxi company that was still open and agreed to take me.  What a disastrously poor service. If you need a reliable transportation service that will be there when they say they will, I suggest you look elsewhere."
225,advanced booking sense cab time leave trip cancel touch waste trio customer care response regard receive improve provide ,"['advanced', 'booking', 'sense', 'cab', 'time', 'leave', 'trip', 'cancel', 'touch', 'waste', 'trio', 'customer', 'care', 'response', 'regard', 'receive', 'improve', 'provide']",1. There is an advanced booking which does not make any sense. You will get a cab only if there is one around that time. If there's nothing left around you will be left stranded.   2. Alot of tuks and nanos accepting the trip and asking to cancel even though my trips are touching 300 rs. Most of them just waste our time by accepting and asking to cancel the trio after few minutes. I emailed customer care but no response on this regard.  3. You have received 2 stars to improve above which you're already providing.
226,add old road location map come junction book car ,"['add', 'old', 'road', 'location', 'map', 'come', 'junction', 'book', 'car']",Please can you add old galle road in location map. Doesn't have old galle road from moratuwa to panadura I have to come moratuwa junction book a car
227,reservation advance hrs van night say cancel lack job ,"['reservation', 'advance', 'van', 'hrs', 'night', 'say', 'cancel', 'lack', 'job']",Did a reservation in advance (20hrs) for a van and they called after 12 hours (night) and said they have to cancel the reservation due to lack of vans. Job well done
228,need option book lady ,"['need', 'option', 'book', 'lady']",Need an option to book lady drivers
229,great ,['great'],Great
230,good price available app use driver come long distance pick location treat wait time recommend new people ,"['good', 'price', 'available', 'app', 'use', 'driver', 'come', 'long', 'distance', 'pick', 'location', 'treat', 'wait', 'time', 'recommend', 'new', 'people']",Best price available.. Good app to use at anytime.most of the driver refuses to come for some long distance for pick up if there is no any vehicles within the location. Otherwise most of the drivers treat us well. they wait for a long time. Some Tuk drivers are not good at all.   Good app.. can recommend to New people
231,great ,['great'],Great
232,problem app passenger place book close highway map route destination inform error ,"['problem', 'app', 'passenger', 'place', 'book', 'close', 'highway', 'map', 'route', 'destination', 'inform', 'error']","There is a problem on the app,that is for tuk. When the passenger place a booking close to highway,the map of the app shows the route to the destination via highway. Already informed them but the error is same."
233,mobility whilst thought location selection map integration border useless need improve aspect time close grab instance key transportation ,"['mobility', 'whilst', 'thought', 'location', 'selection', 'map', 'integration', 'border', 'useless', 'need', 'improve', 'aspect', 'time', 'close', 'grab', 'instance', 'key', 'transportation']","I have used several mobility Apps. Whilst this has been thought out well, the location selection and map integration is bordering on useless.  The developers need to improve this aspect 10 times over to be even close to the likes of Uber or Grab for instance as this is the key in transportation."
234,no vehicle area morning fix ,"['no', 'vehicle', 'area', 'morning', 'fix']",No vehicle in kolonnawa area in the morning.pls fix
235,awful outside hire specially rainy season ,"['awful', 'outside', 'hire', 'specially', 'rainy', 'season']",Drivers are cheaters and awful.also lways offline to get outside hire offers; specially during the rainy season.
236,connectivity try min set pick location give uninstalle ,"['connectivity', 'try', 'min', 'set', 'pick', 'location', 'give', 'uninstalle']",Serious connectivity issues. Tried 15min to set a pick up location. Gave up and Uninstalled.
237,hate angry face ,"['hate', 'angry', 'face']",I hate.ğŸ˜ ğŸ˜ ğŸ˜ 
238,well use face tear joy ,"['well', 'use', 'face', 'tear', 'joy']",Better use uber ğŸ˜‚
239,hope enable feature area grinning face big eye victory hand ,"['hope', 'enable', 'feature', 'area', 'grinning', 'face', 'big', 'eye', 'victory', 'hand']",Hope you will enable this feature to Galle area too. ğŸ˜ƒâœŒ
240,driver come wait leave later message dear passenger regret inform book ref request beaming face smile eye ,"['driver', 'come', 'wait', 'leave', 'later', 'message', 'dear', 'passenger', 'regret', 'inform', 'book', 'ref', 'request', 'beaming', 'face', 'smile', 'eye']","Driver came & i asked to wait... then he left without informing us... later this message came "" Dear Passenger, We regret to inform you that your booking ref no: 39201384 has been cancelled on driver request. Please request again to book another PickMe""ğŸ˜"
241,way edit rating mistakenly rate ,"['way', 'edit', 'rating', 'mistakenly', 'rate']",There's no way to edit a rating once we mistakenly rated someone.
242,heart ribbon ,"['heart', 'ribbon']",ğŸ’ğŸ’ğŸ’
243,final rate tally show book way bill st time nd ,"['final', 'rate', 'tally', 'show', 'book', 'way', 'bill', 'st', 'time', 'nd']",The final rate does not tally with what's shown upfront when booking. It's way off. I used it for 2 bookings and the final bill was 150% the 1st time and 175% the 2nd time
244,awesome app useful customer satisfaction thumb thumbs ,"['awesome', 'app', 'useful', 'customer', 'satisfaction', 'thumb', 'thumbs']",Awesome App.its very useful and customer satisfaction.ğŸ‘ğŸ‘ğŸ‘ğŸ‘
245,useful help day travel ,"['useful', 'help', 'day', 'travel']",Very useful help for our day to day travel.
246,like ,['like'],Like me it
247,great ,['great'],Great
248,take open app absolutely test patience need ,"['take', 'open', 'app', 'absolutely', 'test', 'patience', 'need']",Taking years to open up the app. Absolutely testing my patience in need.
249,price know talk possible try add new feature book vehicle person different location phone number confirmation driver communicate specific ,"['price', 'know', 'talk', 'possible', 'try', 'add', 'new', 'feature', 'book', 'vehicle', 'person', 'different', 'location', 'phone', 'number', 'confirmation', 'driver', 'communicate', 'specific']",The price ranges are ok with PickMe but some of the drivers in the tuks doesn't even know how to talk to the customers. If its possible please try to add a new feature where I can book a vehicle for another person who is staying in a different location by adding that person's phone number before the booking confirmation so that the driver can communicate with that specific person.
250,cancel trip short ,"['cancel', 'trip', 'short']",Most of the drivers cancel the trip if our trip too short.
251,vehicle time say sory sir area helpless pick angry face ,"['vehicle', 'time', 'say', 'sory', 'sir', 'area', 'helpless', 'pick', 'angry', 'face']","I bocked a vehicle before 2 weeks but the last time they call me and said sory sir no vehicles in that area, So I'm very helpless..... PICK ME cheated meğŸ˜ "
252,app horrible destination selection option pickup location drop fix ,"['app', 'horrible', 'destination', 'selection', 'option', 'pickup', 'location', 'drop', 'fix']","This app has horrible ""destination selection"" option. It always failed and it always gives you the pickup location as drop location. Fix it. Please."
253,sense humor accept book cancel trip long area satisfied income poor customer satisfaction ,"['sense', 'humor', 'accept', 'book', 'cancel', 'trip', 'long', 'area', 'satisfied', 'income', 'poor', 'customer', 'satisfaction']","Drivers are not having sense of humor. Cancelling bookings, if they accept the booking it will cancel the trip is too long from his area or its not satisfied income for each trip. Poor customer satisfaction."
254,need ,['need'],need more improvements
255,useful vehicle come door step ,"['useful', 'vehicle', 'come', 'door', 'step']",Very useful. Vehicle comes to the door step. Prices are OK.
256,need road catch single taxi wheeler ,"['need', 'road', 'catch', 'single', 'taxi', 'wheeler']","You guys need to get more drivers out on the road. It's 4.45 on Friday, and I can't catch a single taxi (Three wheeler or mini). There's nobody to take me."
257,like ,['like'],I like it
258,book booking hire road time waster ,"['book', 'booking', 'hire', 'road', 'time', 'waster']",Drivers accepts the booking and cancels the booking when he get a hire from the road... time waster
259,vehicle time book hard emergency ,"['vehicle', 'time', 'book', 'hard', 'emergency']",Only i vehicle at a time can be booked. Very hard in emergency cases.
260,use pick good service completely rude wheeler cancel trip notice location indication inaccurate present show incorrect booking confirm later find vehicle away ,"['use', 'pick', 'good', 'service', 'completely', 'rude', 'wheeler', 'cancel', 'notice', 'indication', 'inaccurate', 'present', 'show', 'incorrect', 'booking', 'confirm', 'later', 'find', 'vehicle', 'away']",I use Pick me often..  This was a very Good Service.. Now it has changed completely. The drivers are very rude in some three wheeler's.    Some cancel the trip w/out notice.   The location indication is inaccurate.. my present location shown are incorrect.  Booking get confirmed - later to find out that the vehicle is around 5 km away.. so have to cancel the booking.
261,cancel trip error would invalid driver location wrongly drop enter accurate friend go know find instead wrong place support team get route map show path way personal opinion app rating live sure release comfortable pick proper domain knowledge training testing base test ,"['would', 'invalid', 'wrongly', 'friend', 'instead', 'team', 'path', 'personal', 'opinion', 'live', 'sure', 'release', 'comfortable', 'proper', 'domain', 'knowledge', 'training', 'testing', 'test', 'base']","There are so many issues. When I cancel a trip there is an error ""Trip ID is invalid"" , driver location displays wrongly , Always drivers are asking for the drop location even if I enter the accurate location. Friend of mine went in a TUK, but he doesn't know Sinhala, driver asked about the location in Sinhala and he replied in English but the driver couldn't find the location, instead of that that driver dropped him in a wrong place. He reported it to your support team, but he haven't got any replies from them, route map is showing the wrong path, when I go in a way it's showing that I'm going in the other way.   This is my personal opinion regarding this app :  My rating regarding this app is 2/5 and for the drivers 3/5. Before releasing the app to live make sure to release with less bugs.  1. Location Services should be improved ( Location is not accurate ) 2. Make your drivers comfortable , because all drivers are complaining about pick me, they are your clients . without them you are zero.  3. Give your QA employees proper domain knowledge and training on testing location based apps before asking them to test the app without proper knowledge."
262,hate ,['hate'],I hate this
263,add credit debit error display internal ,"['add', 'credit', 'debit', 'error', 'display', 'internal']","Cannot add credit or debit cards. Error msg displayed:  ""internal error occurred"""
264,map application update popular land visible enter drop location recognize find place straight away ,"['map', 'application', 'update', 'popular', 'land', 'visible', 'enter', 'drop', 'location', 'recognize', 'find', 'place', 'straight', 'away']","Make the map on the application rotateable and also update the map! Most of the popular land marks aren't visible. And when I enter a drop off location it doesn't recognize it, whereas I can find the place straight away on Google maps."
265,like ,['like'],I like this
266,amazing app face open mouth ,"['amazing', 'app', 'face', 'open', 'mouth']",Woooow amazing app ğŸ˜®ğŸ˜®ğŸ˜®ğŸ˜®ğŸ˜®
267,enter vehicle colour ,"['enter', 'vehicle', 'colour']",Please enter the vehicle colour
268,like ,['like'],I like it
269,great ,['great'],Great
270,not wait add unfair ,"['not', 'wait', 'add', 'unfair']",They didnt wait for me but still waiting charges has added very unfair
271,book later option not work properly ,"['book', 'later', 'option', 'not', 'work', 'properly']",Book later option doesnt work properly
272,map find need ,"['map', 'find', 'need']",Map won't find places ..need to be updated the maps
273,set place properly ,"['set', 'place', 'properly']",I cannot set a place properly
274,hate ,['hate'],I hate it
275,great ,['great'],Great
276,app actually pretty great book fix ,"['app', 'actually', 'pretty', 'great', 'book', 'fix']",The app is actually pretty great but I cannot pre book a tuk. Please fix it
277,heart suit ,"['heart', 'suit']",â™¥
278,suggestion add feature mark important map example house school work like star ,"['suggestion', 'add', 'feature', 'mark', 'important', 'map', 'example', 'house', 'school', 'work', 'like', 'star']","I have one suggestion for you all. Please add a feature where we can mark important places in the map. For an example house, school, work. Something like a star in the Google maps would do as well."
279,uninstalle app send number hate ,"['uninstalle', 'app', 'send', 'number', 'hate']",I uninstalled tgis app. But they always send SMS to my number. I hate that
280,great ,['great'],Great !!!!
281,need improve lot ,"['need', 'improve', 'lot']",Need to improve a lot
282,great job mobile phone ,"['great', 'job', 'mobile', 'phone']","Great job ""pickme""..... Hats off ğŸ“´"
283,like ,['like'],This not pickme. Like fackme
284,no available need disappointed ,"['no', 'available', 'need', 'disappointed']",No tuks available whenever I need them. Was quite disappointed.
285,need air ,"['need', 'air']",Your cabs need air fresheners..
286,wait vehicle door step no need waist money price reasonable kilometer great ,"['wait', 'vehicle', 'door', 'step', 'no', 'need', 'waist', 'money', 'price', 'reasonable', 'kilometer', 'great']",Just clicked n wait vehicle in your door step. No need to waist your money to other vehicles. This price is very reasonable. Other three wheels get 40 to 45 per kilometer. But this 35 great!!!!
287,great job ,"['great', 'job']",Great job.
288,server busy ,"['server', 'busy']",Server busy
289,try install app permission access camera medium no idea taxi company need think look ,"['try', 'install', 'app', 'permission', 'access', 'camera', 'medium', 'no', 'idea', 'taxi', 'company', 'need', 'think', 'look']","I tried to install this app and it asked for permission to access my Camera, SMSs, Photos and other media. No idea why a taxi hailing company needs these. Think you should look into this."
290,great ,['great'],Great
291,successful sri ,"['successful', 'sri']",One of the most successful apps released in Sri Lanka
292,awesome app job ,"['awesome', 'app', 'job']",This is an awesome app.. Really appreciated the job
293,great ,['great'],Great
294,get poor bright start worried face neutral ,"['get', 'poor', 'bright', 'start', 'worried', 'face', 'neutral']",Getting poor compared to the bright start.ğŸ˜ŸğŸ˜
295,useful app difficult choose location manually type pickup address map provide occasionally option pay credit card ,"['useful', 'app', 'difficult', 'choose', 'location', 'manually', 'type', 'pickup', 'address', 'map', 'provide', 'occasionally', 'option', 'pay', 'credit', 'card']","Useful app, but it makes it difficult to choose a dropoff location or manually type in a pickup address (rather than relying on a map-provided address). Also occasionally freezes. Doesn't have the option to pay for trips by credit card."
296,know stupid cancel trip want hire ,"['know', 'stupid', 'cancel', 'trip', 'want', 'hire']","Drivers only know how to give stupid reasons to cancel the trip, if they don't want to take the hire.  And make us cancel it"
297,useful great job team ,"['useful', 'great', 'job', 'team']",Very useful! Great job team pickme
298,option book important ,"['option', 'book', 'important']",Please give a option of canceling a booking. Its important .
299,book later map live movement taxi multiple number phone dual know read use save datum time ask annoying main reason app go fix ,"['later', 'map', 'live', 'movement', 'taxi', 'multiple', 'number', 'phone', 'dual', 'know', 'read', 'use', 'save', 'datum', 'ask', 'annoying', 'main', 'reason', 'go', 'fix']",1. 'Book Later' Bookings does not show in the map(live movement of the taxi). 2. Multiple taxis cannot be called. What if the number of passengers are more than 4? My phone is a HTC 816G dual SIM. /// Most drivers doesn't know how to read the map or they just don't use it to save data. When they call many times to ask for directions it's really annoying and the main reason to use this app is gone. Please fix this I will give 5 stars.
300,extremely poor service not arrive time minute customer number app regularly unreliable irresponsible ,"['extremely', 'poor', 'service', 'not', 'arrive', 'time', 'minute', 'customer', 'number', 'app', 'regularly', 'unreliable', 'irresponsible']",Extremely poor service! Drivers dont arrive on time and cancels bookings in the last minute. Customer service number is never answered. App crashes down regularly. Very unreliable and irresponsible!
301,provide capability select drop location pin map moment type find ,"['provide', 'capability', 'select', 'drop', 'location', 'pin', 'map', 'moment', 'type', 'find']",please provide capability to select drop location by pin it in the map. at the moment you have to type and find. but not all the places are mapped.
302,trip ,['trip'],drivers rejecting my trip
303,profile app search location ,"['profile', 'app', 'search', 'location']",I cannot goto profile or any other options. App crashes. Sometimes it crashes when searching for location
304,book vehicle time shortfall ,"['book', 'vehicle', 'time', 'shortfall']",We can book only one vehicle at a time.that is a shortfall .
305,like ,['like'],i'm really  like this...
306,face book ,"['face', 'book']",face book
307,life easy job ,"['life', 'easy', 'job']",Just makes life easy :)...Job well done :)
308,great ,['great'],Great!!!
309,great ,['great'],Great :)
310,damn great ,"['damn', 'great']",Its damn great...
311,need show ,"['need', 'show']",But Need Some improvements. And also Sinhala fonts are not showing in some devices..
312,thing not work properly phone look ,"['thing', 'not', 'work', 'properly', 'phone', 'look']",This thing doesnt work properly on ma phone. .cant look where tuks are..
313,great ,['great'],It's. Great. Travelling.  With. Pickme
314,great idea ,"['great', 'idea']",Great idea
315,awesome thumb ,"['awesome', 'thumb']",Awesome  ğŸ‘
316,application prove useful calculate fare nicely pickup quick moment ,"['application', 'prove', 'useful', 'calculate', 'fare', 'nicely', 'pickup', 'quick', 'moment']",This application proved to be very useful. Calculated the fare nicely. Pickup was very quick.  At the moment no ideas on how this could be improved.
317,wow like fine ,"['wow', 'like', 'fine']",Wow I like it fine. .
318,accuracy need ,"['accuracy', 'need']",GPS accuracy needs to be improved
319,like ,['like'],I like it
320,like ,['like'],I like it
321,great app travel work pretty accurate timing arrival vehicle decent useful need add pool guess give time shall couple overall job make ordinary commute life easy smile face eye ,"['travel', 'pretty', 'accurate', 'timing', 'arrival', 'decent', 'pool', 'guess', 'give', 'shall', 'couple', 'overall', 'job', 'make', 'ordinary', 'commute', 'life', 'easy', 'smile', 'eye']","Great app for travel in SL (mostly Colombo for now). Works pretty well...pretty accurate on timing the arrival of a vehicle and you get decent drivers. Very useful. More vehicles need to be added to the vehicle pool I guess, so that at any given time, you'll have a couple of vehicles around. Overall...job well done in making the ordinary Lankan commuting life easy ğŸ˜Š"
322,need permission access medium camera ,"['need', 'permission', 'access', 'medium', 'camera']",But why do u need permission to access my media n camera
323,way better fare trip ,"['way', 'better', 'fare', 'trip']",Only way it could be better is if we can see the fare while we're on the trip.
324,add confirmation show taxi send order fellow testing app get book soon find displayed ,"['add', 'confirmation', 'show', 'taxi', 'send', 'order', 'fellow', 'testing', 'app', 'get', 'book', 'soon', 'find', 'displayed']",Just add one more confirmation just after showing the taxi details and before sending out the order to the taxi fellow. I was just testing the app and a taxi got booked soon after it found and displayed the taxi info.
