text,Preprocessed_text
Worst app ,worst app
Hate this app..,hate app
Worst app ever...,worst app ever
I am going to be uninstall this app.,i going app
Not professional at all.,not professional
Worst. I uninstalled the app immediately,worst i uninstalled app immediately
Waste  App,waste app
Love this app. Good job.,love app good job
worst app and worst drivers,worst app worst
very bad,bad
"app is very bad, nil usability.",app bad nil usability
Poor service always given by drivers. its not worth to rate even one star. 0% service satisfaction.,poor service always given worth rate even one star service satisfaction
This is useless,this useless
Worst app ever,worst app ever
Useless app no food riders bad,useless app food bad
Terrible bad drivers crazy man,terrible bad crazy man
Terrible,terrible
was very good in the past. But now it is exploiting money. hate this app.,good past but money hate app
useless service ,useless service
Super,super
Excellent,excellent
Great,great
Great service,great service
Nice app,nice app
Excellent service,excellent service
Very good ,very good
Your app is bloody useless,your app bloody useless
Was slow but to be honest very effective in finding an item I lost in a three wheeler. Thanks,was slow honest effective finding item i lost three wheeler thanks
she is good app,good app
Great job,great job
very good,good
really good ...... good service .....,really good good service
so good,good
awesome rides ,awesome
very nice,nice
awesome,awesome
useful ,useful
the best app,best app
"best service so far. sure it's got a few issues but what is perfect today.. It should introduce ""return trips"" it saves a lot of conversation time with the drivers and will encourage them to accept the hire coz it's both ways",best service far sure got perfect today it introduce return lot conversation time encourage accept hire coz ways
superb,superb
great,great
awesome,awesome
very good service,good service
Perfect,perfect
Excellent....I love pick me,excellent i love pick
best app,best app
awesome,awesome
Superb!,superb
Very good service Best ride app ever,very good service best ride app ever
Great driver with great conversation,great driver great conversation
Very nice,very nice
Super,super
Very good,very good
Very nice excellent job,very nice excellent job
Nice app,nice app
This is very nice app to book cab,this nice app book cab
Nice to have a ride to Howrah junction,nice ride junction
SUPER EXCELLENT,super excellent
Excellent,excellent
Very nice,very nice
Amazing,amazing
 the cab arrived on time and the cab was very clean. Would book It again.,cab time cab clean would book it
Super,super
Very helpful application and safe to use,very helpful application safe use
Excellent,excellent
Best transport app,best transport app
Very nice ??,very nice
It's good app,it good app
Very nice,very nice
Very good,very good
Very good app,very good app
Super,super
Very good service thanku It,very good service it
Great,great
"It is the faster app . It helps in every moment of our life . It comes within the minutes . The availabilities are mini car , car , bike , auto......etc . It is helpful to everyone of us .",it faster app it every moment life it comes within the car car bike auto it helpful everyone us
Excellent,excellent
Nice app,nice app
Great,great
wonderful rid,wonderful rid
Super,super
Super,super
Very good ride,very good ride
Great,great
excellent.,excellent
Very useful and faster,very useful faster
Great app for getting places.,great app getting
Amazing cab services,amazing cab
Super nice,super nice
Very good very punctual and reliable and very helpful staff,very good punctual reliable helpful staff
Nice App for traveling,nice app traveling
Very nice,very nice
Great. Better then Uber,great better
Plays monopoly . Sometimes it gets ages to find a driver.,monopoly sometimes find driver
Very good experiences,very good
Wonderful,wonderful
Excellent,excellent
Nice apps..itsverry helpfull,nice
Super app,super app
It was superb,it superb
Super taxi bros!!!!,super taxi
Good app,good app
Super ????,super
Super app,super app
Excellent,excellent
Very good,very good
Good apps ??,good
Excellent service,excellent service
Great,great
SUPER,super
Nice app,nice app
Very good,very good
Excellent,excellent
Superb,superb
"Very Safe , Thank you It.",very safe thank it
nice app plz downlod this app,nice app app
Good app,good app
East or west It is the best.,east west it best
Super service,super service
Love this app,love app
Amazing,amazing
On time with good drivers. Please update the app. Unable to connect.,on time good please update app unable connect
Downloaded the app to a new phone. And the phone crashed more than 5 times while using It.  it's a whole mess. If i can give a zero. I would have given. Not to mention ... but now it sucks,app new phone and phone times it whole mess if give zero i would given not mention
Does not work. The  are always busy. You cannot ,does work the always busy you
Useless app. After the update I can't seem to book any vehicle.,useless app after update i seem book vehicle
After update I cannot open google location via pick me app,after update i open location via pick app
After latest update the app doesn't add food to cart! Update before that made the map on food deliveries quite glitchy. You guys should get a proper app development and testing team first of all!,after latest update app add food cart update made map food quite you get proper app development testing team first
This app is very good but the location is the only problem...,this app good location problem
New update is very glitchy and ?? buggy.,new update buggy
  Where we don't even get the notification at some certain times. This app cannot be used in case of like emergency since we can't assure that they would come on time or not. They don't come to the destination on time.,where even get notification certain times this app used case like emergency since assure would come time they come destination time
Book now button is not working in Sony aqua m4.,book button working aqua
Its very good and if you  are trying to valid as in kurunegala thats too better.,its good trying valid thats better
Sometimes it shows correct location to the user but not to the driver.,sometimes correct location user driver
"App Can be improved, to help the customer.",app can help customer
But is there a way youll could incorporate a voice guide for directions(something like what google maps has) for the driver to locate the house of the person who made the booking? ,but way could incorporate voice guide something like driver locate house person made booking
"Two bugs 1. After ride has been ordered, contact, cancel ride, support etc buttons on home screen do nothing. Can't tap them 2. Order a ride to the airport, apply the coupon, change the destination to a different terminal, and try reapply the coupon. Doesn't work. You can't get it to work either, coupon has been unapplied and won't reapply",two after ride ordered contact cancel ride support buttons home screen nothing can tap order ride airport apply coupon change destination different terminal try reapply coupon work you get work either coupon unapplied reapply
"This is a really glitchy app. Never works as smoothly as Uber. Also does not function with less internet, whereas Uber is able to.",this really app never works smoothly also function less whereas able
"Somehow on the app the close button on the feedback / rating page is not working. Hence it becomes Mandatory to rate the driver before going to the home page. This should not be the case, as there might be reasons for not wanting to rate the driver at times",somehow app close button feedback rating page working hence becomes mandatory rate driver going home page this case might wanting rate driver times
"I paid through upi but driver didn't accept i was trying to contact customer support but they made me wait for 1hour, even though i wasn't connected with customer care support team",i driver accept trying contact customer support made wait hour even though connected customer care support team
Not working on Android 10 it seems,not working android
Useless app I am trying to log in but I can't but why I don't know seriously.,useless app i trying log i i know seriously
I am unable to see the drive option in option.,i unable see drive option option
The calling option does not work. I had added money in wallet to make a transaction which is failing everytime.....since i havent done kyc i cannot send the money back.....this is pathetic.....if my kyc is not done app should not add money the wallet....Now I am stuck with this money in the wallet....Seems an on purpose attempt to force people to use wallet for transaction.....Please help to get my money back,the calling option work i added money wallet make transaction failing since havent done send money back pathetic done app add money wallet now i stuck money wallet purpose attempt force people use wallet transaction please help get money back
Very bad experience with my payment...At first I paid online through phonepe and the confirmation message came from my bank but there is some problem in It app.It was asking for paying by cash and I had to pay twice.I also contacted customer care and they were unable to solve my problem.I have all the proofs against this disgusting app.,very bad experience payment at first i confirmation message came bank problem it app it paying cash i pay twice i also customer care unable solve problem i disgusting app
Never works. Use uber or A2B if your from Birmingham,never works use a b
Worst app compare to uber Have tried more then 40mits can to place my drop location Am using It more then 2yrs But now am not okay with It Try to fix my problem Very hard to fix my drop location...... And some times this app automatically exited,worst app compare have tried mits place drop location am it yrs but it try fix problem very hard fix drop location and times app automatically
"1. Driver demanded extra cash 2. Driver dropped at middle of the trip 3. Driver is different than It account, this thing driver has only said. 4. Driver don't know minimum knowledge on It account and It Money 5. Today INTERNATIONAL WOMEN'S DAY, BUT DRIVER IRRITATED TO MY MOTHER THESE ARE THE ISSUES I HAVE BEEN FACED TODAY RAISE MY TOTAL REFUND BACK......SEE THE DISTANCE WITHIN THE 150 METRES, AUTO DRIVER DROP AT MIDDLE AND IRRITATED BLODDY SCOUNDREL LAFOOT RASCAL It....",driver extra cash driver middle trip driver different it account thing driver said driver know minimum knowledge it account it money today international s day but driver to my mother these are the i have been faced today raise my total refund back see the distance within the auto driver drop at middle and scoundrel rascal it
Always takes nore than 5 min to search while trying to book and than shows unsuccessful msg. It should take less than 1 min to confirm the booking.,always min search trying book unsuccessful it take less min confirm booking
"So many bugs, payment issues, uninteractive UI.",so many payment
Support section doesn't work at all,support section work
Rubbish app. Doesn't work.,rubbish app work
Unable to login even after confirming the same on call from It many a time. Disgusting,unable login even confirming call it many time disgusting
"So recently I had booked a self drive car, and exactly 30 mins before picking up the car, the ride was cancelled by the It team without any notice beforehand.Thinking that it was my mistake, I rebooked the same car for an hour later, just to find out later that the car was not available at the drive station. And when asked to the employee about the issue,he suggested me to call the customer care number and ask them about the issue,and was least bothered to help in reallocation to any other car",so recently i booked self drive car exactly car ride it team without notice beforehand thinking mistake i car hour later find later car available drive station and employee issue call customer care number ask issue least help reallocation car
Trying to login .I got confirmation call for identity but after that it still showing message please attend call for identity,trying login i got confirmation call identity still showing message please attend call identity
"The app worked fine for getting a ride while travelling out of town but back in my home town It isn't available. This means that when I open the app at home to check my ride history and complete end of month expense claims the app blocks me with a message telling me ""It not available in your location"". I can't get past this message to access my ride history!",the app worked fine getting ride town back home town it available this i open app home check ride history complete end month expense app message telling it available location i get past message access ride history
I am facing problem in choosing It Money Postpaid option in my rides.,i facing problem choosing it money postpaid option
Unable to call the driver and driver unable to call the customer for share booking,unable call driver driver unable call customer share booking
"It is a good app, but unable to register new number.",it good app unable register new number
My It has been blocked and I am unable to book the cab can ull plz help me out what can i do? As i have to travel by bus and other auto which is more expensive for me . I have not done any fraud with It but its block permanently. Plz help,my it blocked i unable book cab ull help as travel bus auto expensive i done fraud it block permanently help
App is not working properly Worst app ever,app working properly worst app ever
"Not reliable transportation, be ready to face last minute issues Ride is not available or gets cancelled or driver simply ignore your call",not reliable transportation ready face last minute ride available driver simply ignore call
This app is very bad as I can't get a auto for just a 15 minute ride,this app bad i get auto minute ride
"Worst service. Driver wantedly didn't enter otp while starting ride. Even after complaining about driver, didn't solve the issue. And I payed the penalty for it.",worst service driver enter starting ride even driver solve issue and i payed penalty
Delhi service verey bad fair problem example booking time fair 300 but dropped time 435 why,service bad fair problem example booking time fair time
You need to fix your prices one minute I check how much a cab would be to go 2 miles and it sat 4-6 pounds next minute when I go to book its saying 16-20 pounds,you need fix one minute i check much cab would go sat next minute i go book saying
A different driver came to pickup and did not know the route i had paid It cash as per app which was 288 and driver asked for 200rs cash to fill gas and did not return to me and the app chargede extra as well making my total bill 320. However on whole i have paid 488rs just for that ride. Extremely pathetic service unable to raise complaint either. I need my money or call back from your team,a different driver came pickup know route it cash per app driver rs cash fill gas return app extra well making total bill however whole rs ride extremely pathetic service unable raise complaint either i need money call back team
Can not find nothing in this app. Havent any support to ask or complain about not fair charging for trip one way cost 4 pounds the same way back no trafic over 8pounds can see reason to charge 8 pounds for 2 miles ride. Where to claim? Is on the app nothing about. This is only 1 example have more issue about.Finaly found here under to support email,can find nothing app havent support ask complain fair charging trip one way cost way back pounds see reason charge ride where claim is app nothing this example issue found support
"Worst customer support. No proper Response from customer care. I had problem in login with my mobile number , shows number blocked...",worst customer support no proper response customer care i problem login mobile number number blocked
Does not let me add credit card what so ever I have contacted It 5x and still the same response with no solution to my problem. Very poor customer service,does let add credit card ever i it x still response solution problem very poor customer service
Hate this app.. they don't have any Customer service supports. They've charged uselessly 150? and they're not resolving my problem.,hate app customer service they uselessly problem
My It app is not working can anyone help me,my it app working anyone help
Search option only not working failed service,search option working service
It gps turned off error,it turned error
"Your cab services are getting worst day by day. At one of the most prominent location (Delhi Airport) in non-peak hours, you still have zero cab availability across all categories. I could see frustration among all those who were trying to book, and a deserted pick up point within 10 mins. I hope you take a note of it, else your poor services and logistics will confine you to become a history among cab services operators.",your cab getting worst day day at one prominent location airport non peak still zero cab availability across i could see frustration among trying book deserted pick point within i hope take note else poor logistics confine become history among cab
Very bad exprnc... This app wont wrk properly when we try to take driver details or to cancel antly ride. Worst app. This issue im gtting multiple tyms,very bad this app wont properly try take driver cancel ride worst app this issue multiple
"They can change the fares at their whim even if the route was as shown by them without any deviations. Their surge pricing can be added without proper notification of the possible increase in amount. Fare may be higher gives them the liberty to charge higher amounts according to their will. Additionally with a pass, the price shown is triple than normal fare shown in an app without the pass for the route. Do not buy pass. They show promotions, but when applied it is always invalid.",they change whim even route shown without their surge added without proper notification possible increase amount fare may higher liberty charge higher according additionally pass price shown triple normal fare shown app without pass route do buy pass they show applied always invalid
Don't use It.. It provides worst service.. Customer support will not help to solve issue instead avoid receiving calls..,don use it it worst service customer support help solve issue instead avoid
I cant use this app on my Samsung galaxy j8 mobile while I enter phone no it shows error ( the It app is not available for use on this contact support for more ),i cant use app galaxy j mobile i enter phone error it app available use contact support
"App doesn't work. Arranged a pick up. The app said the driver was 4 minutes away. When the app told me the driver had arrived he was actually still a few miles away. I rang the driver. He was polite, but didn't know where he was. Asked where I was and the easiest way to get to me. Then asked me to cancel the booking as it would have taken him too long to get to mine. I'm sticking with Bolt, cheaper than Uber and at least they can run a service.",app work pick the app said driver away when app told driver actually still away i rang driver he polite know i easiest way get then cancel booking would taken long get mine i sticking bolt least run service
Unable to login even after ivr Cal... pathetic!!,unable login even cal pathetic
"Very unprofessional and liars cab service in India. Problem is no value of words. It overcharged me Rs 895 in Nov 2019. I sent them mails and they acknowledged to return my money. They asked for bank account details, i did. They asked to update KYC , i did that also. Its 20 Feb 2020, i have not received my refund. I have written number of mails , spoken to customer care but all for no result. False promises, false assurance of resolve within 24 hrs and thereafter no result. Uber anytime better.",very unprofessional cab service problem value it i sent acknowledged return money they bank account they update also its received refund i written number spoken customer care result false false assurance resolve within thereafter result better
"I have been using It share regularly for the past two months. And I have to say the service is really poor. Cab drivers simply cancel the ride even after 10-15 mins of booking. This has happened many times. I have raised this issue in ""Support"" section but their is no change. Also,there is no point in trying to contact their customer service. ""The next customer service executive"" will not be avaialable before your call gets disconnected automatically.",i it share regularly past two and i say service really poor cab simply cancel ride even booking this many times i raised issue support section change also point trying contact customer service the next customer service executive call disconnected automatically
For use It is good ...but worst system to recover the password and It support is also lazy in work .... my account password forget hence try to recover it by taking call verification process after complete as per process it will hang every time ....it means If forget your password then your account also lost and no any response from It support after sending issue.... Hence other app is service not good than It but Atlest they have immediate response from customer support .,for use it good worst system recover password it support also lazy work account password forget hence try recover taking call verification process complete per process every time if forget password account also lost response it support sending issue hence app service good it immediate response customer support
"This app Is stupid to it's very core has so many bugs in it that it's just impossible to use it takes an eternity to find the cab and keeps looking for the cab and confirms the booking even after you've closed the app, the whole reason of closing an App is that I no longer require the cab and I have to cancel the ride and Pay cancelation the next time I travel redundant.",this app is stupid core many impossible use eternity find cab looking cab booking even closed app whole reason app i longer require cab i cancel ride pay cancelation next time i travel redundant
very useful...but sometimes after booking; after we are ready at that time the cab driver cancels the ride.....but that's not a problem.. a very usefull app for travellars...keep going!!!!,useful sometimes booking ready time cab driver ride problem app keep going
Very badly built application riddled with bugs. Customer support is equally unsatisfactory.,very badly built application customer support equally unsatisfactory
"The app is buggy and the drivers are deadout, customer support isn't great neither.",the app buggy customer support great neither
Never works,never works
"Every time it is asking for kyc, my balance It money expired. It is not right. Drivers are unable to do kyc.. I have already done kyc,then also kyc asked.",every time balance it money it right unable i already done also
Not working,not working
"I have been trying to book a cab since the last two days and I have heard the most absurd reasons for not taking up the duty. From I won't accept It Money to I won't go there cause of a traffic jam. Pathetic service. Plus, I have not received any response from It even after reporting the driver related issue.",i trying book cab since last two days i absurd taking duty from i accept it money i go cause traffic jam pathetic service plus i received response it even driver related issue
"Be greatful mofos, free rides on signup However dear app makers, STOP placing me in india for a pickup location. Im in the UK!! It also crashed quite a lot.",be free however dear app stop pickup location it also quite lot
"A lot of times it just shows double or triple the actual price (although it's not the peak time) as the estimated fare. Sometimes only a 5 minute traffic jam causes the bill to double that of the estimated fare. App is smooth but monetary features are just worse, plus the support team does nothing. Hope all these things gets fixed. Update: Now It has improved the monetary features and generates accurate bills according to the situation.???? The first problem still occurs sometimes though.",a lot times double triple actual price although peak time fare sometimes minute traffic jam bill double fare app smooth monetary worse plus support team nothing hope fixed update now it monetary accurate according situation the first problem still sometimes though
"Got a notification that It is now starting in London. I hope that people there will have the same experience. Logging in, trying to find a cab, never finding one, moving to another can aggregator after getting frustrated. Good luck with disappointing more customers.",got notification it starting i hope people experience logging trying find cab never finding one moving another aggregator getting good luck disappointing
Often issues seen with payment option ...i.s.o of pay it will show as change (option),often seen payment option pay show change option
"Pathetic money makers, charges inappropriately with fake ride charges before booking and takes more money after ride ends, doesn't refund money saying limit exceeds for the month even if you haven't requested refund before. Cancellation policy doesn't work, calls can't detect login attempt, will stop using your service from today...",pathetic money inappropriately fake ride booking money ride refund money saying limit month even refund cancellation policy work detect login attempt stop service today
Very bad service provided by you not a single time It cab doesnt book while trying to book from last 6 months everytime the app consumes time for finding driver. why mini and micro Its are not provided by you everytime am getting no respose when I go for micro or mini. are you reduces the quantity of mini and micros? kindly provide better service this is not expected for you.,very bad service provided single time it cab doesnt book trying book last app time finding driver micro its provided getting i go micro quantity kindly provide better service
I tried to book It auto for more than half an hour in chennai annanagar but i didn't get. It didn't help during urgent time for customer. It need to look this issue.,i tried book it auto half hour get it help urgent time customer it need look issue
"Never been able to actually find a driver. Either there are none around, or I just get stuck trying to connect to drivers with no success.",never able actually find driver either none around i get stuck trying connect success
"Horrible app experience when it comes to payments, I cannot make online payments during my trip can't see support for this issue the app is asking me to make the payment in cash uber is doing a better job with ux, I think I will switch to uber permanently",horrible app experience comes i make trip see support issue app make payment cash better job i think i switch permanently
Worst experience Drivers cancel the trips! We are charged for that. Even there is a problem in locating the locations,worst experience cancel we even problem
"The worst app and worst exp. The drivers are thief. I left my wallet in the cab and since then I'm trying to connect with them, the call never gets through. Very pathetic.",the worst app worst the thief i left wallet cab since i trying connect call never very pathetic
Just getting errors on errors of NOT RESPONDING,just getting not
Bug ... doesn't show cab face mico and mini ..its searching and searching,bug show cab face mico searching searching
Unable to login with my registered phone. Not receiving verification call from It.,unable login registered phone not verification call it
New updates have many errors. Actual vehicles are available in front of me and app says no vehicle available.,new many actual available front app vehicle available
It doesn't work on Samsung S8+.,it work s
"After last update, it's not working on mobile data (3g).",after last update working mobile data g
The fares are low and the range of choices available is good. But every time you make a booking you end up being called by a driver with broken English and desperately trying to explain where they need to pick you up from. Then when they pick you up you have to explain where to drop you off again. What's the point of specifying pickup and dropoff locations if the drivers can't read maps?,the low range available good but every time make booking end driver broken desperately trying explain need pick then pick explain drop what point pickup read
Updated version is very faster than previouse version!no lagging issue..i loved it,version faster version lagging issue
Soon after the last update. I can't book a Tuk Tuk.  As its asking me to recharge the points.  But I couldn't use my debit card as it's keep failing every time I tried.,soon last update i book as recharge but i could use debit card keep failing every time i tried
"This app is very usefull. Can find tuks easily. But the issue is that the navigation map or pickup map should be made more accurate . Other than that, all goes well.??",this app can find easily but issue navigation map pickup map made accurate other goes well
"There is a problem on the app,that is for tuk. When the passenger place a booking close to highway,the map of the app shows the route to the destination via highway. Already informed them but the error is same.",there problem app when passenger place booking close highway map app route destination via highway already informed error
No vehicle in kolonnawa area in the morning.pls fix,no vehicle area morning fix
Serious connectivity issues. Tried 15min to set a pick up location. Gave up and Uninstalled.,serious connectivity tried min set pick location gave uninstalled
"I have been a regular user in It. I will give you five stars after 
fixing the following issue. There is no customer care hotline service to 
communicate with a person directly to do complaints. Still my complaint has 
not been reviewed. So disappointing.",i regular user it i give five fixing following issue there customer care service communicate person directly still complaint so disappointing
"Why doesn't pick me app add card payments when I enter the card details? It 
says request failed after I enter all card details.",why pick app add card i enter card it request i enter card
"I need someone to contact me since even though my location settings is on, 
I keep getting a error message requesting to enable location services. 
Uninstalled & installed again but nothing. Losing a loyal customer here.",i need someone contact since even though location i keep getting error message enable location uninstalled nothing losing loyal customer
"Does not show the rates during peak times. This is not a bug but I think 
purposely not showing the rates to cheet the customers.. Switching to 
Uber.. they are cheap and importantly their rates fixed...no hidden rates 
like It..",does show peak times this bug i think purposely showing cheet switching cheap importantly fixed hidden like it
App crashing. not opening.,app opening
"Latest update is a failure.. promo codes are not working.. even after 
entering promocodes it shows same amount without promocodes..",latest update failure working even entering amount without
App doesn't work properly sometimes.,app work properly sometimes
"I cannot add my second credit card.. error msg displays 'request failed' 
when verify second card.. also cannot add same credit card in two devices, 
same error appears..",i add second credit card error request verify second card also add credit card two error
This application is full of bugs,this application full
"What a terrible app! Unable to connect to drivers at times. Freezes too 
often.",what terrible app unable connect times often
"Poor QA, No one is testing this on latest Android. App doesn't work",poor no one testing latest android app work
sometimes the app crashes...It's not reliable..,sometimes app it reliable
"Great work but my app suddenly stop and I install it again..... but now app 
not working even I cant complet the first step enter phone number as a true 
customer its a grate fall",great work app suddenly stop i install app working even i cant first step enter phone number true customer grate fall
"The app is not working. I worked well for past few days. I updated it and 
still didn't work. I uninstalled it and installed it back now it's not 
vertifying my number. Please take immediate action as i travel a lot using 
Pick Me",the app working i worked well past days i still work i uninstalled back number please take immediate action travel lot pick me
"The app doesn't work now saying no internet connection. Over that no one 
answers the phone to book a taxi. Ruined it. Take immediate action",the app work saying connection over one phone book taxi ruined take immediate action
Again app is not working .. please fix is soon ..,again app working please fix soon
"this stupid app doesnt work when you need it most. It just keeps on loading 
and i tried reinstalling it. Then they asked my phone number and still 
doesnt work",stupid app doesnt work need it loading tried then phone number still doesnt work
"The app is not send me sms and it's not working even connected to the 
internet",the app send working even connected
not working properly??worst update.,working properly worst update
app getting crashed when selecting the loaction and confirm.,app getting confirm
"best service so far. sure it's got a few issues but what is perfect today.. It should introduce ""return trips"" it saves a lot of conversation time with the drivers and will encourage them to accept the hire coz it's both ways",best service far sure got perfect today it introduce return lot conversation time encourage accept hire coz ways
the Apple keeps crashing when I try to select a location which I have added to favourites,apple i try select location i added
"App is crashing after the update, Please fix it.",app update please fix
After the latest update. It crashed during loading information process. . please try to fix this issue,after latest update it loading information process please try fix issue
Very poor update..i can't see driver or my locations.,very poor update see driver
This app has big issues and after today I might stop using it all together. The most important thing to fix is for the user to cancel a trip when the driver already marked the user as inside the car. One driver racked up 17000lkr of fees as he didn't mark the trip as finished in his app. Had I been able to mark it as ended it would not have been such an issue. The original trip was for 200lkr,this app big today i might stop together the important thing fix user cancel trip driver already marked user inside car one driver lkr mark trip finished app had i able mark ended would issue the original trip lkr
"please update our actual address rather than showing the area common address and please update us from which area the driver comes to us if not drivers scolding to book them when they are too far to pick up us and keep on telling that this hire is futile for them show us the location rather than showing ""location fetched""",please update actual address rather showing area common address please update us area driver comes us scolding book far pick us keep telling hire futile show us location rather showing location fetched
Your pickup and drop location selection is a huge mess. Sometimes software took my drop location as the pickup location. Sometimes no drop location was selected. Please update this.,your pickup drop location selection huge mess sometimes took drop location pickup location sometimes drop location selected please update
Only feature I would like to request is to be able to leave feedback to a driver after a trip has completed.,only feature i would like request able leave feedback driver trip
Need more improvement,need improvement
One time when I order some food one food item was missing there is no option in the app to complain in It food please add a option to report incidents and when will be flash available in Kandy,one time i order food one food item missing option app complain it food please add option report flash available
At the start It was great but now the drivers seem to ignore you on your pickup location and go ahead to your destination and charge you for a trip you didn't take. I've had this experience on 2 occasions and I didn't receive a response for my complaints from It at all. Obviously the way you treat your customers is absolutely poor and this is why I'm giving a 1 star rating and really wish I could give no rating at all because your service and response is hopeless.,at start it great seem ignore pickup location go ahead destination charge trip take i experience i receive response it obviously way treat absolutely poor i giving star rating really wish i could give rating service response hopeless
"Pick me food is very good and less expensive but drivers find hard to find the delivery address, need some improvement in finding location.",pick food good less expensive find hard find delivery address need improvement finding location
It's an awesome app...Loved it?Very useful...Great service!Tysm for ur wonderful service??I would surely suggest everyone about this app?,it awesome app very useful great service ur wonderful service i would surely suggest everyone app
"They should know to use pick up using my location. And not to ask me describe the location. Update: 22/10/17. More drivers are able to arrive on pick up location using in app navigation. (thanks). But still, more than 95% don't use Google maps for navigation. And takes their own routes. So I suggest all pick me drivers to be trained to use google maps to ride.",they know use pick location and ask describe location update more able arrive pick location app navigation thanks but still use navigation and so i suggest pick trained use ride
"Terrible. I needed a ride from a remote area to the airport at 2am, so I used It's ""Book Later"" feature to schedule a pickup (10 hours in advance). I promptly received an SMS confirming my booking, and the details were also listed in the app under ""My Trips.""  2am came around and there was no car in sight. My booking magically disappeared from the app, with no cancellation notice, in spite of the confirmation they sent me earlier.  No one answered their customer support phone number or email address at the time and still now, a full day later.  I could've missed my flight but luckily I found a local taxi company that was still open and agreed to take me.  What a disastrously poor service. If you need a reliable transportation service that will be there when they say they will, I suggest you look elsewhere.",terrible i ride remote area airport i used it book later feature schedule pickup advance i promptly received confirming booking also listed app my came around car sight my booking magically app cancellation notice spite confirmation sent no one customer support phone number address time still full day later i could flight luckily i found local taxi company still open agreed take what disastrously poor service if need reliable transportation service say i suggest look elsewhere
It available in thihariya also.. thank you..love the new update. thank you for taking heed to our suggestions. All e best,it available also thank love new update thank taking heed all e best
Please can you add old galle road in location map. Doesn't have old galle road from moratuwa to panadura I have to come moratuwa junction book a car,please add old road location map old road i come junction book car
Your service is just disgusting. No one picks the rides in peak times or at night even after 7pm. What the hell. Uninstalling this. No point of having an app without any use. Please add staff who can be committed to their job.,your service disgusting no one peak times night even pm what hell no point app without use please add staff job
"After the latest update, this app takes for ever to find a cab near me!",after latest update app ever find cab near
The price ranges are ok with It but some of the drivers in the tuks doesn't even know how to talk to the customers. If its possible please try to add a new feature where I can book a vehicle for another person who is staying in a different location by adding that person's phone number before the booking confirmation so that the driver can communicate with that specific person.,the price it even know talk if possible please try add new feature i book vehicle another person different location person phone number booking confirmation driver communicate specific person
need more improvements,need
"Would be better if chargers are low, specially in the night time.. dont know why we have to pay extra 15% for the night rides",would better low specially night time dont know pay extra night
Please add the real map,please add real map
Excellent.my suggestion is add bike taxi also,excellent suggestion add bike taxi also
Drop location can't find. Please update this map,drop location find please update map
ewery time theare are no wehicals (Tuk) can you add more wehicals,ewery time add
"All the time we need to enterd the pick up location it want detect 
automatically its keep on fetching location but it want select the correct 
location this is need to be improve and app is very slow on theese 
days...drop location also when we type one location the app will select the 
very recent one all though I typed the location it want select please try 
to update this really helpfull for frequent users. ..",all time need pick location want detect automatically keep fetching location want select correct location need improve app slow days drop location also type one location app select recent one though i location want select please try update really frequent
Good make it more comfortable,good make comfortable
At the start It was great but now the drivers seem to ignore you on your pickup location and go ahead to your destination and charge you for a trip you didn't take. I've had this experience on 2 occasions and I didn't receive a response for my complaints from It at all. Obviously the way you treat your customers is absolutely poor and this is why I'm giving a 1 star rating and really wish I could give no rating at all because your service and response is hopeless.,at start it great seem ignore pickup location go ahead destination charge trip take i experience i receive response it obviously way treat absolutely poor i giving star rating really wish i could give rating service response hopeless
"Pick me food is very good and less expensive but drivers find hard to find the delivery address, need some improvement in finding location.",pick food good less expensive find hard find delivery address need improvement finding location
Every time update this app,every time update app
Needs improvement.,needs improvement
Please add dark theme ??,please add dark theme
Please add Round trip option to the app,please add round trip option app
Please add the chat option just like in Grab.,please add chat option like grab
"At the end of the trip, if user not connected to the internet there's no way to add rating to the driver later after user connected to the internet. Only shows trip details. Please add it. Rating the driver is important. Edit--: Can't exit from the app like before. Had to push to run in background and then close apps.",at end trip user connected way add rating driver later user connected only trip please add rating driver important edit can exit app like had push run background close
But... Hi...Please UPDATE It App To Set Home Location With Home Photo...Than It Drivers Can Easily Find Out Our Home...,but hi please update it app to set home location with home photo than it can easily find out our home
"Fairer than Uber because they charge according to distance. The running total is displayed on the driver's display, though sadly not on the passenger's. Their fare prediction is accurate, and they are responsive to suggestions and complaints.",fairer charge according distance the running total displayed driver display though sadly passenger their fare prediction accurate responsive
"Don't use this service. Their drivers are cheating people. They try to go trips from the longest root with the intention of earning more cheat money. I would like to give one advice to It, please introduce fixed price instead of approximate price. Because your drivers are cheating your valuable customers. That definitely a black mark for the company reputation. Thank You",don use service their cheating people they try go root intention earning cheat money i would like give one advice it please introduce fixed price instead approximate price because cheating valuable that definitely black mark company reputation thank you
 I would like an update where you get an otp from the customer and then the meter starts because every time I use this mode of transportation I have to pay a large amount and the drivers say it is the waiting charge. how can they start their even before we've got into the vehicle and started our journey? I would really appreciate if you could bring in this update soon,i would like update get customer meter every time i use mode transportation i pay large amount say waiting charge start even got vehicle journey i would really appreciate could bring update soon
"One of the perfect app and good services are provided. As a improvement area , It would be the best if drivers could become more polite with customers.",one perfect app good provided as improvement area it would best could become polite
when compared to other similar app the developer need to concern more. in It foods please add review for restaurants.,similar app developer need concern it please add review
charge for trips you ve nvr been.once i booked a It.driver was on the way and all of a sudden he cancelled the trip and money was charged from my credit card .i didnt even see the taxi.i complained this to the It company but didnt seemed to bother.lost money and my time both on the.never gonna use this again.please be carefull when using credit card.they charge u for nothing.i need to add an screen shot too but here i cant.,charge booked it driver way sudden trip money credit card didnt even see taxi it company didnt bother lost money time never use please credit card charge u nothing need add screen shot cant
Need to add more Tuk Tuks,need add
I so far had no issues with Itfood but now I would like to mention that the food doesnt get easily departed on fridays which is a very irritating and a disturbing issue.,i far i would like mention food doesnt get easily departed irritating disturbing issue
"now the app is really complex, food, trucks are all in one app. sometimes it stucks. i think the app would be modularized, keep separated would be better. example : im not using It food (my area does not have It food) but app shows some unwanted process.",app really complex food trucks one app sometimes think app would keep would better example it food area it food app unwanted process
"Needs improvements ! Finding It food  isn't coming ! its shows 0 restaurants nearby ! Please help me with it , but however is cool & safe to use ! It is great in Sri Lanka  & a new development in travel  I'm rating ItÃÂÃÂÃÂÃÂÃÂÃÂÃÂÃÂÃÂÃÂÃÂÃÂÃÂÃÂÃÂÃÂ 5? ! I suggest this for everyone & thanks It developers ??",needs finding it food coming nearby please help however cool safe use it great sri new development travel i rating i suggest everyone thanks it
Needs improvement in location findings and live tracking,needs improvement location live
need to add multiple destinations,need add multiple
please add an option to save and keep places those will be easy to mention pickup address and drop address,please add option save keep easy mention pickup address drop address
Needs improvement,needs improvement
"pick me foods is so inconvenient to use. it doesn't show the address of the restaurant, customizing options, or any information about the restaurant even after the order has been placed. also you can't search by food type and choose from the restaurants that serve that particular type of food so it has to be a specific restaurant name and that's really irritating. needs a lot more improvement.",pick inconvenient use show address restaurant information restaurant even order also search food type choose serve particular type food specific restaurant name really irritating needs lot improvement
"It is now reaching towards the worst in commitments, delivery.. Outstation ride - i wont suggest anyone to go .. worst experience .. if you book oneway .. all the tolls for return also you need to pay extra .. cars condition is like you booked a bullcart .. within city .. booking mini or micro no matters you will get only wagonR and the condition of car is so so pathetic .. AC hardly works, engine noise, hardly any speed even if the roads are empty.. and cost you pay is 25-30 rs per KM..",it reaching towards worst delivery outstation ride wont suggest anyone go worst experience book return also need pay extra condition like booked bullcart within city booking micro get condition car pathetic hardly works engine noise hardly speed even empty cost pay per
Please add option to zoom in the driver's photo,please add option zoom driver photo
May be they will improve with time. They take longer time to find driver than Uber. price was bit cheaper than Uber. Need improvement in their map. I felt sorry for the driver that the gps is very hard to follow unlike with other apps or google maps. Overall good experience. hope they will improve and listen customer feedback. thanks,may improve time they take longer time find driver price bit need improvement map i felt sorry driver hard follow unlike overall good experience hope improve listen customer feedback thanks
I would like a feature where you ask me how many taxis would you like to book! Say we are 8 people so it's easy to book 2 cabs from a particular transaction instead of whatever the actual process is! Thank you!,i would like feature ask many taxis would like book say people easy book particular transaction instead whatever actual process thank
"I am n oot able to reactivate my It money wallet. I am forced to book other cab services when I am needed to pay cashless It money activation process is tedious and cumbersome, can you make it simple and possible.",i n able reactivate it money wallet i forced book cab i pay it money activation process tedious cumbersome make simple possible
"The sevice that given to guest through app is good, but an emergency time the driver is declined to expect It Money from the guest, they asking to give cash, bcoz if we give cash the rate is More, and it is easy to tax evasion... So don't make it cash, only pay by It Money.",the given guest app good emergency time driver declined expect it money guest give cash give cash rate more easy tax evasion so make cash pay it money
"used this app for a while,,, the postpaid feature was introduced and the default payment method changed to postpaid,,, so it says I have to pay 221 rupees now,, I don't have any online payment method,, so I would like to report..",used app postpaid feature default payment method postpaid i pay i payment method i would like report
"You will promote in your app that customers can pay through online and need not worry about handcash, but why are you not enquiring whether your cab drivers do have adopted to those online methods?? Now please don't say that it's not your prblm. Please make it mandatory for each and every It driver to have those online payment acceptable. I'm very irritated because of your service, because of you people, i ran out of handcash at the middle of the night and had to walk more than 2 kms,wrst srvice",you promote app pay need worry whether cab adopted now please say please make mandatory every it driver payment acceptable i service people ran middle night walk
pls make it with wifi and mobile data pls,make mobile data
"Technically, the app works fine and even with poor network connection. It would be nice if app could have feature to show route suggested for the driver to take so we can keep track if driver uses alternate route.",technically app works fine even poor network connection it would nice app could feature show route driver take keep track driver alternate route
"App is terrible and does not give a correct estimate as to when you will be picked up. Drivers constantly cancel rides, presumably to pick up and Uber drive. it would be better for customers if companies demanded exclusivity. I have never had a good experience with an It. Drivers have been terrible and car quality and state has been very average. I just waited for over 25 minutes for a driver who picked up my ride despite being in another ride that lasted a good while. He was also very agressive",app terrible give correct estimate picked constantly cancel presumably pick drive would better exclusivity i never good experience it terrible car quality state average i driver picked ride despite another ride good he also
"Worst application ever. I suggest every1 not to use this app. It company is ONLY 4 PROFIT MAKING and doesn't look after customer's satisfaction at all. They HIRE UNPROFESSIONAL DRIVERS. I recently book one of their premium category car for my guests and to my shock, this driver asked me where is ur drop location, which was nearly 20km, after which he on purpose made xcuses and asked me cancl the ride. This was totally unexpected. My guests were helplessly waiting for the fleet. Its ridiculous.",worst application ever i suggest every use app it company only profit making look customer satisfaction they hire unprofessional i recently book one premium category car shock driver ur drop location nearly km purpose made ride this totally unexpected my helplessly waiting fleet its ridiculous
wow i wish there was an option for no star i would have given that. drivers are so unprofessional and uneducated that nothing can be done. some straight away deny duty. some says that we cant teach them about locations as they have been riding since It is born. beautiful experience i would say.,wow wish option star would given unprofessional uneducated nothing done straight away deny duty cant teach riding since it born beautiful experience would say
"Old app version showed outstanding payments as soon as the app was opened. Now outstanding payments are shown only while doing new booking. This is bad UX. You call up the customer to make outstanding payments, but make it very difficult and absolutely non-intuitive to know if there is outstanding payment, and even harder to make the outstanding payment.",old app version outstanding soon app now outstanding shown new booking this bad you call customer make outstanding make difficult absolutely non intuitive know outstanding payment even harder make outstanding payment
"please improve the navigation system, it lags a lot",please improve navigation system lot
worst experience. the driver told that they allow one extra person in car but not the luggage(bag) and they ask for extra amount also. after ridinv i decided that it will be better if i ride any local cars and not the It. It only suitable for short distance. I booked for 120 km with some luggage nd we are 3 persons. really bad experience. next time never book the It cabs.,worst experience driver told allow one extra person car luggage bag ask extra amount also decided better ride local it it suitable short distance i booked luggage really bad experience next time never book it
This application work fine. But i have one suggestion to add voice search mudule for entering destination.,this application work fine but one suggestion add voice search entering destination
"Dreadful. Driver told my wife that he's an erotic artist, and would love to take her home and draw her. Absolutely vile",dreadful driver told wife erotic artist would love take home draw absolutely vile
Very poor customer support. No action is ever being taken on genuine complaints of riders. It TEAM: Please improve.,very poor customer support no action ever taken genuine it team please improve
"App needs improvement - does not show route or ETA once trip is underway. Apart from that, trip was pleasant and driver was friendly.",app needs improvement show route eta trip underway apart trip pleasant driver friendly
Good cab availability. Customer care needs lots of improvement from the app and driver end,good cab availability customer care needs lots improvement app driver end
I am not able to log in PlZ suggest what to do as it days you are not allowed to log in in this Devies PlZ help,i able log suggest days log help
"It's service was very good but now it is giving very bad and messy service due to its drivars. Or the drivers are not given full money or they have been thinking of earning them wrongly, because of The customer will turn away from him, it would be better to repair the service.",it service good giving bad messy service due or given full money thinking earning wrongly the customer turn away would better repair service
the fare is really high.its like waste of booking they either cancel the ride or the fare is extremely high please update ur app and reduce the fare,fare really high like waste booking either cancel ride fare extremely high please update ur app reduce fare
booking facility is very bad make it available more,booking facility bad make available
the cad driver cancelled my 3 rides i had to take an auto it was.so annoying and we also had guests. I look forward to seeing improvement . Or unfortunately i will have to uninstall the app .,cad driver take auto annoying also i look forward seeing improvement or unfortunately app
"worst app ever , drivers behaviour is intolerable ! & costomer service dont even lift the calls & no response for the complaints. what sort of service is this ??? not going to suggest anyone this app & will make sure that no one uses this app.",worst app ever behaviour intolerable service dont even lift response sort service going suggest anyone app make sure one app
"wish i could give the negative star point , from last two month the It rides are showing very high prices and it frequently changes its total fare price some time its 200 than 400 than 350 !! its now very pathetic using this app , and its also don't show any ride near my location !!",wish could give negative star point last two month it showing high frequently total fare price time pathetic app also show ride near location
The app is too slow. The auto drivers do not have their account with It and will cancel last minute if the fare is paid by It Money. This has happened multiple times. Please improve your services.,the app slow the auto account it cancel last minute fare it money this multiple times please improve
It cab is only suitable for selected places at bangalore.. there are no cabs at outskirts in bangalore like to whitefield or Marathahalli.. none of the cabs are vaiable at these points please improve your service at outskirts of metropolitan cities also,it cab suitable selected like none please improve service metropolitan also
"Yesterday I booked an It cab for my wife to visit Kamakhya Temple. This morning the driver after reaching the pickup point cancelled the trip at eleventh hour. That BASTARD didn't care a damn about the mental agony which my wife faced. Please update your app to show the destination to the driver as well, so that they do not resort to RANTING after knowing the drop point.",yesterday i booked it cab wife visit temple this morning driver reaching pickup point trip eleventh hour that bastard care damn mental agony wife faced please update app show destination driver well resort ranting knowing drop point
"please add the features of how much time away to reach distance for actual point ( in auto , bike , car pickup and suggestions for if this way you use bike this sufficient for journey that's tyape service It needed:)",please add much time away reach distance actual point auto bike car pickup way use bike sufficient journey service it
over all good aap..... but please improve your service especially gps in Pune,good please improve service especially
"I belong from Kolkata and had booked a cab today.I would suggest all Kolkatans not to take car number 7603 white tata zest,driver name Subrata Saha. The driver is a fraud.He had first taken my location and then cancelled it midway saying I had given wrong drop location.He deliberately took a 5-star rating and asked me to pay him INR363(154rs of the distance he had come and then wanted to take 219rs himself without letting It know about it).I would suggest all to avoid this car.",i belong booked cab today i would suggest take car number white zest driver name the driver fraud he first taken location midway saying i given wrong drop location he deliberately took star rating pay inr rs distance come take rs without it know i would suggest avoid car
"Drivers take too long to reach the customer even when they are present at a nearby location. This clearly reflects that the drivers are dumb, unprofessional and careless. They are least bothered about the convenience of the customers. I would like to request not to download this app and allow others to do the same.",take long reach customer even present nearby location this clearly dumb unprofessional careless they least convenience i would like request app allow
"It is great if Uber is surging and you have a good half hour to wait for a lift. If you're fine with drivers accepting rides that are a good 12 minutes away, having them aimlessly take 3 wrong turns and then cancel about half way (where you're charged a cancellation), then It's great. If you're happy with a service that is barely better than a taxi (and lers be real they're basically all ex-cabbies), It is the service for you. It is the absolute budget alternative. Use uber instead.",it great surging good half hour wait lift if fine good away aimlessly take wrong turns cancel half way cancellation it great if happy service barely better taxi real basically ex it service it absolute budget alternative use instead
It service is good but It's technical team is useless.Unable to login.No mail verification login.Sms for verification is sent very late.Even in retry SMS I receive a new code that too very late and then shows error.Also call verification code after putting into the app correctly it shows error.The system is damn irritating.Also It money app and regular app does not shows postpaid payment option in a clear & highlighted way.It systems needs to be improved very urgently.Its too bad!,it service good it technical team useless unable login no mail verification login verification sent late even retry i receive new code late error also call verification code app correctly error the system damn irritating also it money app regular app postpaid payment option clear way it needs urgently its bad
Needs improvement takes delay in getting connected to the nearest cab available. Shows false cab availability during rush hours and It charges more in the name of peak hours from customers.,needs improvement delay getting connected nearest cab available false cab availability rush it name peak
I don't understand the criteria basis for hiring drivers in It because I have seen many It drivers very unprofessional also I would like to highlight that It has introduced It money wallet still when we say this to a It driver that we would pay through It money the driver will cancel the ride also they will talk so rudely so i don't get it why the hell you have introduced this It wallet tell your drivers to cooperate with customers and use paytm and It wallet and be professional,i understand criteria basis it i seen many it unprofessional also i would like highlight it it money wallet still say it driver would pay it money driver cancel ride also talk rudely get hell it wallet tell use it wallet professional
"App is good. But most drivers ask for cash instead of It money. It would be nice if there was an option to change mode of payment after booking. Also, cancellation policy is too strict.",app good but ask cash instead it money it would nice option change mode payment booking also cancellation policy strict
"i hired a cab on 15th Jan from Chandigarh to airport. Total fare included Rs 270 fare and 85 parking charges of airport. So total bill was of Rs 355. When we entered airport, driver asked us to pay parking fees of Rs 85 in cash. I paid that. After that, he said that total bill is of Rs 355. Means he charged Rs 440 from me instead of Rs 355.I raised the complaint to It, still they have not refunded. Uber is better than this. I won't suggest It to anyone.",hired cab th airport total fare included fare parking airport so total bill when airport driver us pay parking cash i after said total bill instead i raised complaint it still better i suggest it anyone
fare is more if you book cab and cancel it cab driver make it pass and make the money from the second one be careful fraud cab driver,fare book cab cancel cab driver make pass make money second one careful fraud cab driver
its very good n convenient to book thru It..one suggestion pls allow/introduce to transfer It money between 2 It user. atleast say max Rs 2000. this will save time to recharge or help others..thanks,good n convenient book it one suggestion allow introduce transfer it money it user say save time recharge help thanks
Needs a buff,needs buff
suggestion: show the model number while booking a car ( manufactured year of the car ),suggestion show model number booking car year car
driver services needs more improvement,driver needs improvement
My suggestion is to book It from Phonepe app. You will get cashback offers and scratch cards. Full amount gets refunded after cancellation. To book It ride from Phonepe go to apps section and select It app.,my suggestion book it app you get scratch full amount cancellation to book it ride go section select it app
worst service evere. Driver always cancel the ride. it happens with me 3 to 4 times. than I am writing this review. please improve it.,worst service driver always cancel ride times i writing review please improve
"please add more cars like innova, tavera",please add like
It was good but need to add one augment is to plan for tomorrow how to assigned for booking simply advance booking option should be require to add,it good need add one augment plan tomorrow assigned booking simply advance booking option require add
"I would like to know when u r releasing the It washrooms , eargly waiting for that.",i would like know u r it waiting
"you people cheat the customers,first saccept the ride and cancels automatically and make it look like it is the mistake of customers..cheaters",people cheat first ride automatically make look like mistake
"I normally have no problems with It but the knot reason I given a low rating is because was overcharged the distance fare to what I normally pay i don't know if the driver forgot to press the end ride bit on his phone until it was too late but all the same I have been overcharged, I would like this resolved asap please It",i normally it knot reason i given low rating distance fare i normally pay know driver forgot press end ride bit phone late i i would like resolved please it
please add 7 sitter car in surat,please add sitter car surat
Good but should have more features,good
"It driver is not proffesional and they behave very rudly and demand for more money than actual bill. I totally disappoint from It. Dear It team, please improve pethetic behaviour of your driver.",it driver behave demand money actual bill i totally disappoint it dear it team please improve behaviour driver
the driver arrival is late... please update it .. everything is fine,driver arrival late please update everything fine
please Improve your Service in Kurnool city....,please improve service city
need more improvement in our city,need improvement city
please add CNG or diesel option while booking as it is very uncomfortable while traveling with luggage.,please add diesel option booking uncomfortable traveling luggage
Every time update this app,every time update app
Needs improvement.,needs improvement
I suggest adding more drivers,i suggest
"awful service this morning been stood in the freezing cold for 20 minutes watching drivers get further away, get closer and then pull a u-ie and get further away. i went inside a coffee shop and bought a coffee while waiting, and I've since finished it waiting for the cab to arrive. on top of that the 30% discount I'd been assured would be applied to my next 10 wasn't added to the trip because apparently it doesn't the discount by default even though it suggests it is... i want compensation",awful service morning stood freezing cold watching get away get closer pull u ie get away went inside coffee shop bought coffee waiting i since finished waiting cab arrive top discount i i would assured would applied next added trip apparently discount default even though want compensation
Their service is so disturbed. They dont pay enough for the It drivers and the druvers have to compulsorily accept your ride but in reality the druver never shows up. Worst cab service app ever. Please improve or shut it out.,their service disturbed they dont pay enough it compulsorily accept ride reality never worst cab service app ever please improve shut
Your service is just disgusting. No one picks the rides in peak times or at night even after 7pm. What the hell. Uninstalling this. No point of having an app without any use. Please add staff who can be committed to their job.,your service disgusting no one peak times night even pm what hell no point app without use please add staff job
. So I suggest all  drivers to be trained to use google maps to ride.,so i suggest trained use ride
"Terrible. What a disastrously poor service. If you need a reliable transportation service that will be there when they say they will, I suggest you look elsewhere.",terrible what disastrously poor service if need reliable transportation service say i suggest look elsewhere
 If its possible please try to add a new feature where I can book a vehicle for another person who is staying in a different location by adding that person's phone number before the booking confirmation so that the driver can communicate with that specific person.,if possible please try add new feature i book vehicle another person different location person phone number booking confirmation driver communicate specific person
Please can you add old galle road in location map. Doesn't have old galle road from moratuwa to panadura I have to come moratuwa junction book a car,please add old road location map old road i come junction book car
"Would be better if chargers are low, specially in the night time.. dont know why we have to pay extra 15% for the night rides",would better low specially night time dont know pay extra night
It available in thihariya also.. thank you..love the new update. thank you for taking heed to our suggestions. All e best,it available also thank love new update thank taking heed all e best
"After the latest update, this app takes for ever to find a cab near me!",after latest update app ever find cab near
